??,??,???
result_data_only,4,result-data-2487758
result_data_only,5,result-data-2678297
result_data_only,9,result-data-273218
result_data_only,18,result-data-173748
result_data_only,20,result-data-146131
result_data_only,36,result-data-264145
result_data_only,37,result-data-3392338
result_data_only,40,result-data-3960187
result_data_only,43,result-data-2146369
result_data_only,45,result-data-725035
result_data_only,46,result-data-2162294
result_data_only,66,result-data-1845057
result_data_only,84,result-data-2492155
result_data_only,85,result-data-1259265
result_data_only,109,result-data-173748
result_data_only,110,result-data-725035
result_data_only,119,result-data-226061
result_data_only,120,result-data-552679
result_data_only,131,result-data-2146369
result_data_only,137,result-data-3777606
result_data_only,141,result-data-672752
result_data_only,145,result-data-1351071
result_data_only,154,result-data-273218
result_data_only,171,result-data-3324843
result_data_only,191,result-data-3392338
result_data_only,194,result-data-2333331
result_data_only,201,result-data-3960187
result_data_only,211,result-data-2146369
result_data_only,212,result-data-226061
result_data_only,214,result-data-1259265
result_data_only,224,result-data-2637056
result_data_only,237,result-data-256924
result_data_only,238,result-data-2986259
result_data_only,244,result-data-556533
result_data_only,245,result-data-3392338
result_data_only,246,result-data-3556707
result_data_only,272,result-data-653443
result_data_only,274,result-data-3789120
result_data_only,279,result-data-1206080
result_data_only,286,result-data-273218
result_data_only,291,result-data-3960820
result_data_only,300,result-data-3556707
result_data_only,305,result-data-146131
result_data_only,322,result-data-2986259
result_data_only,333,result-data-511037
result_data_only,335,result-data-173748
result_data_only,341,result-data-3338224
result_data_only,348,result-data-725035
result_data_only,353,result-data-937444
result_data_only,356,result-data-834928
result_data_only,359,result-data-653443
result_data_only,362,result-data-2146369
result_data_only,363,result-data-1113936
result_data_only,367,result-data-767290
result_data_only,368,result-data-226061
result_data_only,445,result-data-1351071
result_data_only,466,result-data-3273691
result_data_only,470,result-data-2177658
result_data_only,530,result-data-226061
result_data_only,539,result-data-273218
result_data_only,540,result-data-1259265
result_data_only,545,result-data-725035
result_data_only,547,result-data-3324843
result_data_only,566,result-data-2333331
result_data_only,567,result-data-3273691
result_data_only,586,result-data-2146369
result_data_only,588,result-data-226061
result_data_only,593,result-data-3324843
result_data_only,594,result-data-273218
result_data_only,621,result-data-3392338
result_data_only,625,result-data-725035
result_data_only,636,result-data-1259265
result_data_only,647,result-data-3273691
result_data_only,648,result-data-2637056
result_data_only,652,result-data-2333331
result_data_only,655,result-data-3960187
result_data_only,669,result-data-173748
result_data_only,678,result-data-146131
result_data_only,683,result-data-914558
result_data_only,708,result-data-226061
result_data_only,720,result-data-261223
result_data_only,732,result-data-877423
result_data_only,742,result-data-834928
result_data_only,746,result-data-767290
result_data_only,747,result-data-2075639
result_data_only,767,result-data-3556707
result_data_only,771,result-data-1259265
result_data_only,774,result-data-264145
result_data_only,776,result-data-971735
result_data_only,780,result-data-552679
result_data_only,792,result-data-2333331
result_data_only,808,result-data-767290
result_data_only,819,result-data-3324843
result_data_only,820,result-data-2416631
result_data_only,828,result-data-3627437
result_data_only,838,result-data-1845057
result_data_only,848,result-data-3556707
result_data_only,854,result-data-256924
result_data_only,865,result-data-3749927
result_data_only,866,result-data-1168112
result_data_only,867,result-data-3110275
result_data_only,876,result-data-1259265
result_data_only,881,result-data-725035
result_data_only,887,result-data-264145
result_data_only,891,result-data-3627437
result_data_only,898,result-data-146131
result_data_only,906,result-data-2746869
result_data_only,929,result-data-230996
result_data_only,930,result-data-2333331
result_data_only,931,result-data-2177658
result_data_only,937,result-data-2403045
result_data_only,939,result-data-937444
result_data_only,940,result-data-2623413
result_data_only,947,result-data-3324843
result_data_only,957,result-data-725035
result_data_only,962,result-data-834928
result_data_only,971,result-data-1351071
result_data_only,974,result-data-1206080
result_data_only,983,result-data-2678297
result_data_only,987,result-data-3338224
result_data_only,1002,result-data-273218
result_data_only,1003,result-data-672752
result_data_only,1010,result-data-3960187
result_data_only,1013,result-data-261223
result_data_only,1014,result-data-961547
result_data_only,1020,result-data-914558
result_data_only,1039,result-data-173748
result_data_only,1043,result-data-3960187
result_data_only,1050,result-data-146131
result_data_only,1057,result-data-971735
result_data_only,1062,result-data-1259265
result_data_only,1071,result-data-2333331
result_data_only,1079,result-data-3110275
result_data_only,1081,result-data-3024418
result_data_only,1082,result-data-3777606
result_data_only,1083,result-data-653443
result_data_only,1091,result-data-3338224
result_data_only,1092,result-data-2416631
result_data_only,1097,result-data-2146369
result_data_only,1113,result-data-2071296
result_data_only,1116,result-data-672752
result_data_only,1121,result-data-3789120
result_data_only,1123,result-data-1351071
result_data_only,1131,result-data-2333331
result_data_only,1133,result-data-877423
result_data_only,1138,result-data-2162294
result_data_only,1149,result-data-2746869
result_data_only,1158,result-data-273218
result_data_only,1183,result-data-3777606
result_data_only,1190,result-data-3110275
result_data_only,1206,result-data-2075639
result_data_only,1212,result-data-146131
result_data_only,1224,result-data-264145
result_data_only,1232,result-data-552679
result_data_only,1233,result-data-2071296
result_data_only,1244,result-data-672752
result_data_only,1245,result-data-146131
result_data_only,1257,result-data-2403045
result_data_only,1282,result-data-173748
result_data_only,1283,result-data-725035
result_data_only,1293,result-data-1113261
result_data_only,1296,result-data-3273691
result_data_only,1300,result-data-3024418
result_data_only,1311,result-data-264145
result_data_only,1316,result-data-971735
result_data_only,1319,result-data-3392338
result_data_only,1330,result-data-3749927
result_data_only,1336,result-data-2487758
result_data_only,1349,result-data-2986259
result_data_only,1351,result-data-273218
result_data_only,1374,result-data-3777606
result_data_only,1378,result-data-653443
result_data_only,1380,result-data-230996
result_data_only,1386,result-data-3789120
result_data_only,1391,result-data-226061
result_data_only,1419,result-data-725035
result_data_only,1424,result-data-2377552
result_data_only,1425,result-data-3110275
result_data_only,1439,result-data-511037
result_data_only,1447,result-data-914558
result_data_only,1450,result-data-2678297
result_data_only,1466,result-data-2746869
result_data_only,1468,result-data-1206080
result_data_only,1486,result-data-3777606
result_data_only,1489,result-data-511037
result_data_only,1511,result-data-725035
result_data_only,1515,result-data-226061
result_data_only,1529,result-data-1351071
result_data_only,1539,result-data-256924
result_data_only,1543,result-data-2146369
result_data_only,1544,result-data-2492155
result_data_only,1546,result-data-3777606
result_data_only,1553,result-data-3749927
result_data_only,1555,result-data-273218
result_data_only,1558,result-data-2623413
result_data_only,1562,result-data-261223
result_data_only,1565,result-data-877423
result_data_only,1570,result-data-2416631
result_data_only,1602,result-data-1113936
result_data_only,1608,result-data-2071296
result_data_only,1613,result-data-1538388
result_data_only,1617,result-data-3627437
result_data_only,1618,result-data-2637056
result_data_only,1620,result-data-2623413
result_data_only,1626,result-data-2119153
result_data_only,1633,result-data-2162294
result_data_only,1636,result-data-3392338
result_data_only,1639,result-data-273218
result_data_only,1654,result-data-226061
result_data_only,1664,result-data-971735
result_data_only,1689,result-data-672752
result_data_only,1696,result-data-2071296
result_data_only,1713,result-data-2487758
result_data_only,1714,result-data-1259265
result_data_only,1718,result-data-3392338
result_data_only,1725,result-data-1113261
result_data_only,1734,result-data-877423
result_data_only,1742,result-data-2416631
result_data_only,1748,result-data-3024418
result_data_only,1756,result-data-2678297
result_data_only,1766,result-data-2487758
result_data_only,1780,result-data-3789120
result_data_only,1790,result-data-146131
result_data_only,1795,result-data-511037
result_data_only,1831,result-data-2333331
result_data_only,1840,result-data-2377552
result_data_only,1841,result-data-2075639
result_data_only,1846,result-data-3960187
result_data_only,1849,result-data-3338224
result_data_only,1850,result-data-3749927
result_data_only,1858,result-data-2403045
result_data_only,1873,result-data-653443
result_data_only,1876,result-data-877423
result_data_only,1891,result-data-672752
result_data_only,1892,result-data-511037
result_data_only,1904,result-data-653443
result_data_only,1906,result-data-2298362
result_data_only,1914,result-data-1845057
result_data_only,1917,result-data-2075639
result_data_only,1929,result-data-3789120
result_data_only,1938,result-data-2146369
result_data_only,1943,result-data-226061
result_data_only,1948,result-data-2637056
result_data_only,1949,result-data-3024418
result_data_only,1970,result-data-877423
result_data_only,1981,result-data-3749927
result_data_only,1988,result-data-2492155
result_data_only,1989,result-data-2623413
result_data_only,1990,result-data-230996
result_data_only,1996,result-data-2333331
result_data_only,2006,result-data-552679
result_data_only,2012,result-data-556533
result_data_only,2018,result-data-2075639
result_data_only,2024,result-data-3627437
result_data_only,2029,result-data-3324843
result_data_only,2038,result-data-226061
result_data_only,2050,result-data-173748
result_data_only,2051,result-data-672752
result_data_only,2062,result-data-1351071
result_data_only,2076,result-data-2177658
result_data_only,2084,result-data-256924
result_data_only,2095,result-data-3749927
result_data_only,2100,result-data-2162294
result_data_only,2111,result-data-961547
result_data_only,2115,result-data-2333331
result_data_only,2123,result-data-3273691
result_data_only,2131,result-data-2071296
result_data_only,2143,result-data-672752
result_data_only,2154,result-data-552679
result_data_only,2156,result-data-2492155
result_data_only,2157,result-data-3556707
result_data_only,2163,result-data-3110275
result_data_only,2169,result-data-1206080
result_data_only,2185,result-data-2146369
result_data_only,2188,result-data-511037
result_data_only,2203,result-data-2487758
result_data_only,2215,result-data-961547
result_data_only,2223,result-data-971735
result_data_only,2235,result-data-2075639
result_data_only,2241,result-data-2333331
result_data_only,2250,result-data-2678297
result_data_only,2252,result-data-2637056
result_data_only,2261,result-data-261223
result_data_only,2264,result-data-1259265
result_data_only,2268,result-data-2623413
result_data_only,2282,result-data-273218
result_data_only,2302,result-data-2678297
result_data_only,2308,result-data-3338224
result_data_only,2311,result-data-1206080
result_data_only,2322,result-data-2075639
result_data_only,2330,result-data-914558
result_data_only,2336,result-data-1351071
result_data_only,2338,result-data-2403045
result_data_only,2370,result-data-1259265
result_data_only,2378,result-data-3556707
result_data_only,2389,result-data-2333331
result_data_only,2394,result-data-767290
result_data_only,2398,result-data-3627437
result_data_only,2400,result-data-2298362
result_data_only,2401,result-data-1206080
result_data_only,2408,result-data-725035
result_data_only,2435,result-data-3777606
result_data_only,2439,result-data-961547
result_data_only,2441,result-data-511037
result_data_only,2452,result-data-2119153
result_data_only,2453,result-data-2071296
result_data_only,2465,result-data-556533
result_data_only,2470,result-data-3556707
result_data_only,2473,result-data-261223
result_data_only,2483,result-data-173748
result_data_only,2484,result-data-3960820
result_data_only,2511,result-data-226061
result_data_only,2516,result-data-3556707
result_data_only,2521,result-data-2623413
result_data_only,2524,result-data-3110275
result_data_only,2532,result-data-2119153
result_data_only,2544,result-data-961547
result_data_only,2547,result-data-2377552
result_data_only,2551,result-data-2146369
result_data_only,2554,result-data-511037
result_data_only,2588,result-data-261223
result_data_only,2602,result-data-256924
result_data_only,2604,result-data-3024418
result_data_only,2607,result-data-3392338
result_data_only,2610,result-data-226061
result_data_only,2623,result-data-2623413
result_data_only,2630,result-data-2403045
result_data_only,2634,result-data-3338224
result_data_only,2637,result-data-173748
result_data_only,2641,result-data-3110275
result_data_only,2646,result-data-1845057
result_data_only,2647,result-data-3789120
result_data_only,2652,result-data-2637056
result_data_only,2657,result-data-2678297
result_data_only,2669,result-data-2071296
result_data_only,2671,result-data-146131
result_data_only,2672,result-data-834928
result_data_only,2689,result-data-1113261
result_data_only,2704,result-data-3960187
result_data_only,2715,result-data-672752
result_data_only,2718,result-data-230996
result_data_only,2733,result-data-1113261
result_data_only,2744,result-data-3273691
result_data_only,2751,result-data-552679
result_data_only,2753,result-data-3627437
result_data_only,2769,result-data-961547
result_data_only,2770,result-data-2746869
result_data_only,2776,result-data-725035
result_data_only,2788,result-data-3338224
result_data_only,2813,result-data-2678297
result_data_only,2819,result-data-914558
result_data_only,2835,result-data-767290
result_data_only,2837,result-data-511037
result_data_only,2838,result-data-937444
result_data_only,2840,result-data-146131
result_data_only,2845,result-data-3324843
result_data_only,2847,result-data-2403045
result_data_only,2852,result-data-2678297
result_data_only,2857,result-data-3392338
result_data_only,2860,result-data-1845057
result_data_only,2869,result-data-2403045
result_data_only,2876,result-data-552679
result_data_only,2881,result-data-3556707
result_data_only,2884,result-data-3777606
result_data_only,2886,result-data-264145
result_data_only,2887,result-data-3273691
result_data_only,2898,result-data-767290
result_data_only,2905,result-data-261223
result_data_only,2929,result-data-173748
result_data_only,2931,result-data-256924
result_data_only,2938,result-data-552679
result_data_only,2939,result-data-2416631
result_data_only,2956,result-data-3392338
result_data_only,2962,result-data-146131
result_data_only,2973,result-data-937444
result_data_only,2995,result-data-834928
result_data_only,2996,result-data-3789120
result_data_only,3012,result-data-653443
result_data_only,3021,result-data-261223
result_data_only,3025,result-data-2487758
result_data_only,3026,result-data-256924
result_data_only,3027,result-data-2075639
result_data_only,3031,result-data-3556707
result_data_only,3039,result-data-2377552
result_data_only,3054,result-data-3110275
result_data_only,3055,result-data-2333331
result_data_only,3067,result-data-3960187
result_data_only,3069,result-data-914558
result_data_only,3073,result-data-2416631
result_data_only,3086,result-data-3273691
result_data_only,3096,result-data-273218
result_data_only,3098,result-data-877423
result_data_only,3107,result-data-261223
result_data_only,3112,result-data-2377552
result_data_only,3115,result-data-937444
result_data_only,3129,result-data-2071296
result_data_only,3131,result-data-3556707
result_data_only,3142,result-data-1113261
result_data_only,3146,result-data-146131
result_data_only,3152,result-data-3324843
result_data_only,3162,result-data-2162294
result_data_only,3175,result-data-3273691
result_data_only,3183,result-data-834928
result_data_only,3192,result-data-1113936
result_data_only,3195,result-data-3960187
result_data_only,3197,result-data-961547
result_data_only,3199,result-data-3749927
result_data_only,3207,result-data-2416631
result_data_only,3208,result-data-1206080
result_data_only,3213,result-data-2487758
result_data_only,3217,result-data-3110275
result_data_only,3231,result-data-3324843
result_data_only,3244,result-data-3338224
result_data_only,3252,result-data-1168112
result_data_only,3266,result-data-1351071
result_data_only,3271,result-data-2986259
result_data_only,3275,result-data-725035
result_data_only,3282,result-data-2377552
result_data_only,3287,result-data-834928
result_data_only,3311,result-data-1538388
result_data_only,3314,result-data-2377552
result_data_only,3316,result-data-2075639
result_data_only,3336,result-data-1113261
result_data_only,3343,result-data-767290
result_data_only,3347,result-data-556533
result_data_only,3349,result-data-2416631
result_data_only,3351,result-data-2637056
result_data_only,3353,result-data-971735
result_data_only,3357,result-data-2162294
result_data_only,3360,result-data-1351071
result_data_only,3361,result-data-261223
result_data_only,3383,result-data-1113261
result_data_only,3404,result-data-653443
result_data_only,3406,result-data-3960187
result_data_only,3411,result-data-261223
result_data_only,3417,result-data-2678297
result_data_only,3421,result-data-3627437
result_data_only,3424,result-data-2487758
result_data_only,3425,result-data-511037
result_data_only,3427,result-data-2403045
result_data_only,3434,result-data-914558
result_data_only,3440,result-data-3324843
result_data_only,3450,result-data-1259265
result_data_only,3451,result-data-3556707
result_data_only,3455,result-data-2637056
result_data_only,3460,result-data-1168112
result_data_only,3475,result-data-3789120
result_data_only,3478,result-data-2162294
result_data_only,3494,result-data-877423
result_data_only,3500,result-data-1538388
result_data_only,3510,result-data-3627437
result_data_only,3513,result-data-511037
result_data_only,3517,result-data-230996
result_data_only,3521,result-data-2746869
result_data_only,3539,result-data-3960187
result_data_only,3545,result-data-3024418
result_data_only,3553,result-data-256924
result_data_only,3561,result-data-2403045
result_data_only,3567,result-data-2678297
result_data_only,3568,result-data-2637056
result_data_only,3585,result-data-1206080
result_data_only,3586,result-data-3110275
result_data_only,3592,result-data-3556707
result_data_only,3597,result-data-2637056
result_data_only,3603,result-data-264145
result_data_only,3607,result-data-2623413
result_data_only,3617,result-data-3392338
result_data_only,3626,result-data-552679
result_data_only,3629,result-data-3789120
result_data_only,3642,result-data-2403045
result_data_only,3647,result-data-3960187
result_data_only,3682,result-data-1113936
result_data_only,3686,result-data-1113936
result_data_only,3687,result-data-767290
result_data_only,3690,result-data-2986259
result_data_only,3693,result-data-2487758
result_data_only,3698,result-data-173748
result_data_only,3699,result-data-3110275
result_data_only,3705,result-data-3324843
result_data_only,3710,result-data-3749927
result_data_only,3711,result-data-2177658
result_data_only,3713,result-data-2678297
result_data_only,3717,result-data-2071296
result_data_only,3725,result-data-725035
result_data_special,8,result-data-special-256924
result_data_special,12,result-data-special-173748
result_data_special,28,result-data-special-273218
result_data_special,35,result-data-special-2492155
result_data_special,39,result-data-special-1206080
result_data_special,41,result-data-special-2333331
result_data_special,44,result-data-special-3324843
result_data_special,47,result-data-special-2071296
result_data_special,57,result-data-special-2403045
result_data_special,59,result-data-special-3110275
result_data_special,61,result-data-special-937444
result_data_special,64,result-data-special-3777606
result_data_special,79,result-data-special-3749927
result_data_special,81,result-data-special-2746869
result_data_special,87,result-data-special-725035
result_data_special,89,result-data-special-556533
result_data_special,95,result-data-special-3789120
result_data_special,96,result-data-special-1113261
result_data_special,97,result-data-special-2071296
result_data_special,100,result-data-special-2333331
result_data_special,106,result-data-special-2637056
result_data_special,121,result-data-special-264145
result_data_special,125,result-data-special-653443
result_data_special,143,result-data-special-2177658
result_data_special,144,result-data-special-2119153
result_data_special,146,result-data-special-2162294
result_data_special,155,result-data-special-3749927
result_data_special,168,result-data-special-1113261
result_data_special,175,result-data-special-173748
result_data_special,179,result-data-special-3110275
result_data_special,187,result-data-special-2492155
result_data_special,195,result-data-special-2071296
result_data_special,196,result-data-special-3273691
result_data_special,198,result-data-special-2146369
result_data_special,199,result-data-special-2333331
result_data_special,206,result-data-special-2678297
result_data_special,209,result-data-special-3338224
result_data_special,213,result-data-special-725035
result_data_special,215,result-data-special-877423
result_data_special,223,result-data-special-3556707
result_data_special,226,result-data-special-230996
result_data_special,236,result-data-special-2162294
result_data_special,249,result-data-special-937444
result_data_special,258,result-data-special-2146369
result_data_special,259,result-data-special-2487758
result_data_special,261,result-data-special-2333331
result_data_special,263,result-data-special-3960187
result_data_special,264,result-data-special-653443
result_data_special,277,result-data-special-2678297
result_data_special,281,result-data-special-1259265
result_data_special,282,result-data-special-2298362
result_data_special,301,result-data-special-2177658
result_data_special,306,result-data-special-261223
result_data_special,310,result-data-special-2487758
result_data_special,323,result-data-special-146131
result_data_special,325,result-data-special-3338224
result_data_special,327,result-data-special-2333331
result_data_special,328,result-data-special-1845057
result_data_special,331,result-data-special-3392338
result_data_special,342,result-data-special-767290
result_data_special,347,result-data-special-1168112
result_data_special,357,result-data-special-3777606
result_data_special,361,result-data-special-2119153
result_data_special,374,result-data-special-226061
result_data_special,385,result-data-special-552679
result_data_special,399,result-data-special-1168112
result_data_special,400,result-data-special-2746869
result_data_special,402,result-data-special-2075639
result_data_special,409,result-data-special-1113261
result_data_special,413,result-data-special-2623413
result_data_special,417,result-data-special-1845057
result_data_special,424,result-data-special-3749927
result_data_special,426,result-data-special-3960820
result_data_special,430,result-data-special-2333331
result_data_special,437,result-data-special-264145
result_data_special,455,result-data-special-3338224
result_data_special,460,result-data-special-1845057
result_data_special,469,result-data-special-2492155
result_data_special,476,result-data-special-2403045
result_data_special,483,result-data-special-2377552
result_data_special,490,result-data-special-261223
result_data_special,497,result-data-special-971735
result_data_special,498,result-data-special-2416631
result_data_special,499,result-data-special-273218
result_data_special,500,result-data-special-273218
result_data_special,503,result-data-special-230996
result_data_special,504,result-data-special-2623413
result_data_special,507,result-data-special-552679
result_data_special,510,result-data-special-3789120
result_data_special,513,result-data-special-2492155
result_data_special,520,result-data-special-2678297
result_data_special,523,result-data-special-1113261
result_data_special,524,result-data-special-3338224
result_data_special,527,result-data-special-173748
result_data_special,535,result-data-special-3110275
result_data_special,541,result-data-special-3749927
result_data_special,549,result-data-special-877423
result_data_special,559,result-data-special-2146369
result_data_special,565,result-data-special-2146369
result_data_special,570,result-data-special-2333331
result_data_special,574,result-data-special-2071296
result_data_special,580,result-data-special-3273691
result_data_special,587,result-data-special-2071296
result_data_special,592,result-data-special-3338224
result_data_special,595,result-data-special-3110275
result_data_special,605,result-data-special-1113261
result_data_special,612,result-data-special-173748
result_data_special,631,result-data-special-2492155
result_data_special,632,result-data-special-2678297
result_data_special,640,result-data-special-877423
result_data_special,642,result-data-special-3749927
result_data_special,651,result-data-special-2146369
result_data_special,653,result-data-special-2333331
result_data_special,654,result-data-special-3273691
result_data_special,672,result-data-special-672752
result_data_special,679,result-data-special-725035
result_data_special,680,result-data-special-2416631
result_data_special,681,result-data-special-2377552
result_data_special,691,result-data-special-1113936
result_data_special,695,result-data-special-653443
result_data_special,702,result-data-special-767290
result_data_special,710,result-data-special-1113261
result_data_special,716,result-data-special-2177658
result_data_special,722,result-data-special-3749927
result_data_special,724,result-data-special-877423
result_data_special,725,result-data-special-971735
result_data_special,728,result-data-special-1259265
result_data_special,736,result-data-special-552679
result_data_special,741,result-data-special-653443
result_data_special,744,result-data-special-2416631
result_data_special,752,result-data-special-3749927
result_data_special,754,result-data-special-2162294
result_data_special,760,result-data-special-173748
result_data_special,765,result-data-special-725035
result_data_special,768,result-data-special-971735
result_data_special,773,result-data-special-3324843
result_data_special,779,result-data-special-2986259
result_data_special,784,result-data-special-511037
result_data_special,789,result-data-special-3960820
result_data_special,797,result-data-special-3789120
result_data_special,809,result-data-special-2487758
result_data_special,830,result-data-special-226061
result_data_special,842,result-data-special-264145
result_data_special,845,result-data-special-3960820
result_data_special,852,result-data-special-3627437
result_data_special,855,result-data-special-3024418
result_data_special,856,result-data-special-3324843
result_data_special,860,result-data-special-3777606
result_data_special,861,result-data-special-937444
result_data_special,872,result-data-special-2403045
result_data_special,873,result-data-special-2377552
result_data_special,874,result-data-special-3110275
result_data_special,882,result-data-special-2403045
result_data_special,884,result-data-special-226061
result_data_special,888,result-data-special-3392338
result_data_special,893,result-data-special-3273691
result_data_special,903,result-data-special-1113261
result_data_special,904,result-data-special-230996
result_data_special,907,result-data-special-3024418
result_data_special,910,result-data-special-1206080
result_data_special,911,result-data-special-2637056
result_data_special,914,result-data-special-3960820
result_data_special,919,result-data-special-1259265
result_data_special,945,result-data-special-146131
result_data_special,953,result-data-special-230996
result_data_special,958,result-data-special-914558
result_data_special,961,result-data-special-2071296
result_data_special,964,result-data-special-2678297
result_data_special,968,result-data-special-3556707
result_data_special,972,result-data-special-971735
result_data_special,981,result-data-special-3338224
result_data_special,984,result-data-special-961547
result_data_special,989,result-data-special-2075639
result_data_special,1005,result-data-special-834928
result_data_special,1011,result-data-special-2162294
result_data_special,1021,result-data-special-937444
result_data_special,1029,result-data-special-725035
result_data_special,1031,result-data-special-552679
result_data_special,1035,result-data-special-2162294
result_data_special,1041,result-data-special-3024418
result_data_special,1044,result-data-special-1168112
result_data_special,1046,result-data-special-1259265
result_data_special,1056,result-data-special-3789120
result_data_special,1068,result-data-special-3324843
result_data_special,1074,result-data-special-1538388
result_data_special,1078,result-data-special-937444
result_data_special,1085,result-data-special-2986259
result_data_special,1087,result-data-special-2177658
result_data_special,1101,result-data-special-552679
result_data_special,1105,result-data-special-2298362
result_data_special,1114,result-data-special-971735
result_data_special,1115,result-data-special-3960820
result_data_special,1119,result-data-special-834928
result_data_special,1122,result-data-special-1351071
result_data_special,1127,result-data-special-672752
result_data_special,1128,result-data-special-226061
result_data_special,1140,result-data-special-146131
result_data_special,1156,result-data-special-1845057
result_data_special,1159,result-data-special-2377552
result_data_special,1161,result-data-special-2623413
result_data_special,1163,result-data-special-1259265
result_data_special,1175,result-data-special-264145
result_data_special,1176,result-data-special-2298362
result_data_special,1188,result-data-special-261223
result_data_special,1201,result-data-special-2487758
result_data_special,1202,result-data-special-256924
result_data_special,1216,result-data-special-1206080
result_data_special,1219,result-data-special-3110275
result_data_special,1223,result-data-special-2746869
result_data_special,1236,result-data-special-767290
result_data_special,1238,result-data-special-3627437
result_data_special,1239,result-data-special-230996
result_data_special,1240,result-data-special-914558
result_data_special,1247,result-data-special-256924
result_data_special,1250,result-data-special-937444
result_data_special,1258,result-data-special-2162294
result_data_special,1260,result-data-special-653443
result_data_special,1261,result-data-special-2177658
result_data_special,1263,result-data-special-3749927
result_data_special,1267,result-data-special-2071296
result_data_special,1272,result-data-special-511037
result_data_special,1279,result-data-special-511037
result_data_special,1290,result-data-special-1845057
result_data_special,1295,result-data-special-2377552
result_data_special,1303,result-data-special-725035
result_data_special,1306,result-data-special-3960187
result_data_special,1324,result-data-special-2986259
result_data_special,1329,result-data-special-1538388
result_data_special,1332,result-data-special-146131
result_data_special,1335,result-data-special-556533
result_data_special,1342,result-data-special-3273691
result_data_special,1345,result-data-special-961547
result_data_special,1352,result-data-special-264145
result_data_special,1353,result-data-special-3392338
result_data_special,1356,result-data-special-1845057
result_data_special,1360,result-data-special-3960820
result_data_special,1376,result-data-special-2746869
result_data_special,1377,result-data-special-2119153
result_data_special,1385,result-data-special-3627437
result_data_special,1403,result-data-special-2487758
result_data_special,1404,result-data-special-2637056
result_data_special,1418,result-data-special-173748
result_data_special,1426,result-data-special-1113261
result_data_special,1432,result-data-special-672752
result_data_special,1434,result-data-special-2298362
result_data_special,1437,result-data-special-2492155
result_data_special,1441,result-data-special-1259265
result_data_special,1445,result-data-special-2119153
result_data_special,1446,result-data-special-2623413
result_data_special,1454,result-data-special-230996
result_data_special,1456,result-data-special-2075639
result_data_special,1459,result-data-special-273218
result_data_special,1464,result-data-special-146131
result_data_special,1481,result-data-special-261223
result_data_special,1483,result-data-special-653443
result_data_special,1485,result-data-special-3338224
result_data_special,1488,result-data-special-3777606
result_data_special,1490,result-data-special-2678297
result_data_special,1493,result-data-special-273218
result_data_special,1497,result-data-special-2416631
result_data_special,1504,result-data-special-2075639
result_data_special,1514,result-data-special-3789120
result_data_special,1524,result-data-special-2333331
result_data_special,1532,result-data-special-1168112
result_data_special,1536,result-data-special-1538388
result_data_special,1541,result-data-special-3024418
result_data_special,1548,result-data-special-914558
result_data_special,1550,result-data-special-273218
result_data_special,1556,result-data-special-1168112
result_data_special,1568,result-data-special-552679
result_data_special,1581,result-data-special-2298362
result_data_special,1585,result-data-special-3627437
result_data_special,1587,result-data-special-3749927
result_data_special,1594,result-data-special-3556707
result_data_special,1597,result-data-special-2119153
result_data_special,1603,result-data-special-230996
result_data_special,1629,result-data-special-3110275
result_data_special,1631,result-data-special-2119153
result_data_special,1632,result-data-special-2623413
result_data_special,1637,result-data-special-1113936
result_data_special,1641,result-data-special-3392338
result_data_special,1644,result-data-special-2416631
result_data_special,1645,result-data-special-2637056
result_data_special,1655,result-data-special-3556707
result_data_special,1657,result-data-special-877423
result_data_special,1667,result-data-special-2377552
result_data_special,1676,result-data-special-2487758
result_data_special,1678,result-data-special-173748
result_data_special,1682,result-data-special-3749927
result_data_special,1690,result-data-special-2487758
result_data_special,1698,result-data-special-2298362
result_data_special,1701,result-data-special-3960187
result_data_special,1717,result-data-special-3777606
result_data_special,1722,result-data-special-264145
result_data_special,1723,result-data-special-877423
result_data_special,1726,result-data-special-1845057
result_data_special,1732,result-data-special-173748
result_data_special,1738,result-data-special-3960820
result_data_special,1750,result-data-special-2333331
result_data_special,1752,result-data-special-3627437
result_data_special,1754,result-data-special-2487758
result_data_special,1757,result-data-special-971735
result_data_special,1770,result-data-special-1113936
result_data_special,1779,result-data-special-2986259
result_data_special,1785,result-data-special-2333331
result_data_special,1788,result-data-special-2075639
result_data_special,1798,result-data-special-3110275
result_data_special,1799,result-data-special-264145
result_data_special,1804,result-data-special-2071296
result_data_special,1808,result-data-special-834928
result_data_special,1812,result-data-special-3324843
result_data_special,1814,result-data-special-3789120
result_data_special,1820,result-data-special-273218
result_data_special,1823,result-data-special-2403045
result_data_special,1827,result-data-special-226061
result_data_special,1837,result-data-special-2162294
result_data_special,1839,result-data-special-256924
result_data_special,1852,result-data-special-2678297
result_data_special,1862,result-data-special-2146369
result_data_special,1863,result-data-special-3324843
result_data_special,1864,result-data-special-2298362
result_data_special,1869,result-data-special-264145
result_data_special,1878,result-data-special-2986259
result_data_special,1884,result-data-special-3556707
result_data_special,1889,result-data-special-1168112
result_data_special,1913,result-data-special-961547
result_data_special,1923,result-data-special-511037
result_data_special,1924,result-data-special-2119153
result_data_special,1926,result-data-special-2333331
result_data_special,1927,result-data-special-230996
result_data_special,1934,result-data-special-2986259
result_data_special,1947,result-data-special-552679
result_data_special,1953,result-data-special-3960187
result_data_special,1958,result-data-special-2071296
result_data_special,1961,result-data-special-937444
result_data_special,1965,result-data-special-1113936
result_data_special,1968,result-data-special-1168112
result_data_special,1978,result-data-special-552679
result_data_special,1983,result-data-special-256924
result_data_special,1986,result-data-special-2416631
result_data_special,1993,result-data-special-3392338
result_data_special,2004,result-data-special-3960820
result_data_special,2008,result-data-special-2146369
result_data_special,2014,result-data-special-3627437
result_data_special,2016,result-data-special-1845057
result_data_special,2020,result-data-special-2986259
result_data_special,2022,result-data-special-1206080
result_data_special,2032,result-data-special-834928
result_data_special,2035,result-data-special-2637056
result_data_special,2053,result-data-special-3110275
result_data_special,2069,result-data-special-2678297
result_data_special,2070,result-data-special-2162294
result_data_special,2077,result-data-special-3392338
result_data_special,2080,result-data-special-2492155
result_data_special,2091,result-data-special-2119153
result_data_special,2094,result-data-special-1351071
result_data_special,2098,result-data-special-2416631
result_data_special,2101,result-data-special-3789120
result_data_special,2104,result-data-special-767290
result_data_special,2107,result-data-special-937444
result_data_special,2114,result-data-special-3960187
result_data_special,2126,result-data-special-2746869
result_data_special,2128,result-data-special-3338224
result_data_special,2130,result-data-special-3024418
result_data_special,2134,result-data-special-653443
result_data_special,2135,result-data-special-1845057
result_data_special,2137,result-data-special-1351071
result_data_special,2145,result-data-special-1845057
result_data_special,2146,result-data-special-2075639
result_data_special,2148,result-data-special-937444
result_data_special,2149,result-data-special-877423
result_data_special,2153,result-data-special-3749927
result_data_special,2168,result-data-special-3392338
result_data_special,2178,result-data-special-834928
result_data_special,2196,result-data-special-914558
result_data_special,2204,result-data-special-672752
result_data_special,2209,result-data-special-226061
result_data_special,2217,result-data-special-725035
result_data_special,2218,result-data-special-3789120
result_data_special,2228,result-data-special-2746869
result_data_special,2234,result-data-special-3338224
result_data_special,2239,result-data-special-2298362
result_data_special,2249,result-data-special-1113936
result_data_special,2257,result-data-special-1845057
result_data_special,2258,result-data-special-3960820
result_data_special,2271,result-data-special-3338224
result_data_special,2276,result-data-special-552679
result_data_special,2278,result-data-special-3024418
result_data_special,2284,result-data-special-256924
result_data_special,2304,result-data-special-2177658
result_data_special,2306,result-data-special-1168112
result_data_special,2313,result-data-special-3960187
result_data_special,2315,result-data-special-3960820
result_data_special,2321,result-data-special-3273691
result_data_special,2325,result-data-special-2119153
result_data_special,2327,result-data-special-3789120
result_data_special,2332,result-data-special-653443
result_data_special,2343,result-data-special-226061
result_data_special,2344,result-data-special-173748
result_data_special,2354,result-data-special-914558
result_data_special,2356,result-data-special-552679
result_data_special,2367,result-data-special-653443
result_data_special,2373,result-data-special-1538388
result_data_special,2381,result-data-special-3627437
result_data_special,2386,result-data-special-2075639
result_data_special,2388,result-data-special-264145
result_data_special,2391,result-data-special-511037
result_data_special,2395,result-data-special-3324843
result_data_special,2397,result-data-special-2162294
result_data_special,2404,result-data-special-2377552
result_data_special,2411,result-data-special-1259265
result_data_special,2420,result-data-special-2377552
result_data_special,2428,result-data-special-3749927
result_data_special,2431,result-data-special-2333331
result_data_special,2436,result-data-special-264145
result_data_special,2437,result-data-special-2119153
result_data_special,2445,result-data-special-556533
result_data_special,2446,result-data-special-1845057
result_data_special,2451,result-data-special-971735
result_data_special,2466,result-data-special-2637056
result_data_special,2472,result-data-special-3024418
result_data_special,2475,result-data-special-914558
result_data_special,2476,result-data-special-3110275
result_data_special,2481,result-data-special-2416631
result_data_special,2488,result-data-special-2298362
result_data_special,2490,result-data-special-3110275
result_data_special,2492,result-data-special-2746869
result_data_special,2493,result-data-special-3749927
result_data_special,2505,result-data-special-146131
result_data_special,2507,result-data-special-2177658
result_data_special,2513,result-data-special-914558
result_data_special,2520,result-data-special-2416631
result_data_special,2541,result-data-special-3324843
result_data_special,2549,result-data-special-2492155
result_data_special,2553,result-data-special-1259265
result_data_special,2555,result-data-special-3024418
result_data_special,2564,result-data-special-511037
result_data_special,2578,result-data-special-672752
result_data_special,2580,result-data-special-2986259
result_data_special,2582,result-data-special-961547
result_data_special,2586,result-data-special-3338224
result_data_special,2601,result-data-special-2377552
result_data_special,2609,result-data-special-264145
result_data_special,2613,result-data-special-3777606
result_data_special,2614,result-data-special-1113936
result_data_special,2621,result-data-special-3960820
result_data_special,2626,result-data-special-1113261
result_data_special,2631,result-data-special-3556707
result_data_special,2633,result-data-special-3338224
result_data_special,2635,result-data-special-1168112
result_data_special,2658,result-data-special-2416631
result_data_special,2665,result-data-special-3960820
result_data_special,2670,result-data-special-3749927
result_data_special,2676,result-data-special-1113261
result_data_special,2679,result-data-special-3324843
result_data_special,2682,result-data-special-1113936
result_data_special,2688,result-data-special-672752
result_data_special,2696,result-data-special-556533
result_data_special,2699,result-data-special-2623413
result_data_special,2703,result-data-special-3777606
result_data_special,2706,result-data-special-2298362
result_data_special,2708,result-data-special-3556707
result_data_special,2716,result-data-special-725035
result_data_special,2728,result-data-special-2071296
result_data_special,2729,result-data-special-3789120
result_data_special,2736,result-data-special-2333331
result_data_special,2741,result-data-special-2416631
result_data_special,2743,result-data-special-2162294
result_data_special,2749,result-data-special-3338224
result_data_special,2755,result-data-special-937444
result_data_special,2767,result-data-special-3777606
result_data_special,2774,result-data-special-3392338
result_data_special,2781,result-data-special-2162294
result_data_special,2783,result-data-special-230996
result_data_special,2787,result-data-special-261223
result_data_special,2789,result-data-special-834928
result_data_special,2790,result-data-special-937444
result_data_special,2796,result-data-special-2377552
result_data_special,2809,result-data-special-1259265
result_data_special,2818,result-data-special-877423
result_data_special,2824,result-data-special-273218
result_data_special,2829,result-data-special-552679
result_data_special,2839,result-data-special-971735
result_data_special,2841,result-data-special-3960820
result_data_special,2842,result-data-special-3627437
result_data_special,2855,result-data-special-2377552
result_data_special,2861,result-data-special-1113936
result_data_special,2863,result-data-special-767290
result_data_special,2864,result-data-special-3749927
result_data_special,2865,result-data-special-230996
result_data_special,2880,result-data-special-1538388
result_data_special,2891,result-data-special-834928
result_data_special,2893,result-data-special-2403045
result_data_special,2900,result-data-special-1845057
result_data_special,2901,result-data-special-672752
result_data_special,2904,result-data-special-3556707
result_data_special,2916,result-data-special-2986259
result_data_special,2921,result-data-special-3273691
result_data_special,2933,result-data-special-511037
result_data_special,2948,result-data-special-2678297
result_data_special,2954,result-data-special-2416631
result_data_special,2957,result-data-special-2623413
result_data_special,2963,result-data-special-3324843
result_data_special,2966,result-data-special-653443
result_data_special,2971,result-data-special-1351071
result_data_special,2974,result-data-special-256924
result_data_special,2975,result-data-special-261223
result_data_special,2991,result-data-special-2986259
result_data_special,2992,result-data-special-877423
result_data_special,2994,result-data-special-3627437
result_data_special,2998,result-data-special-552679
result_data_special,3011,result-data-special-511037
result_data_special,3017,result-data-special-2746869
result_data_special,3024,result-data-special-273218
result_data_special,3030,result-data-special-1113936
result_data_special,3034,result-data-special-2492155
result_data_special,3036,result-data-special-2377552
result_data_special,3047,result-data-special-173748
result_data_special,3052,result-data-special-2333331
result_data_special,3060,result-data-special-1168112
result_data_special,3064,result-data-special-2637056
result_data_special,3066,result-data-special-914558
result_data_special,3074,result-data-special-725035
result_data_special,3078,result-data-special-3749927
result_data_special,3094,result-data-special-2746869
result_data_special,3095,result-data-special-2416631
result_data_special,3101,result-data-special-2637056
result_data_special,3106,result-data-special-1538388
result_data_special,3108,result-data-special-3789120
result_data_special,3127,result-data-special-556533
result_data_special,3132,result-data-special-1845057
result_data_special,3136,result-data-special-146131
result_data_special,3137,result-data-special-2333331
result_data_special,3138,result-data-special-2146369
result_data_special,3139,result-data-special-2986259
result_data_special,3145,result-data-special-653443
result_data_special,3160,result-data-special-511037
result_data_special,3171,result-data-special-2298362
result_data_special,3177,result-data-special-273218
result_data_special,3179,result-data-special-1845057
result_data_special,3182,result-data-special-1206080
result_data_special,3185,result-data-special-173748
result_data_special,3198,result-data-special-914558
result_data_special,3200,result-data-special-256924
result_data_special,3204,result-data-special-2623413
result_data_special,3206,result-data-special-2333331
result_data_special,3209,result-data-special-672752
result_data_special,3226,result-data-special-256924
result_data_special,3227,result-data-special-261223
result_data_special,3239,result-data-special-552679
result_data_special,3240,result-data-special-971735
result_data_special,3247,result-data-special-2678297
result_data_special,3257,result-data-special-273218
result_data_special,3259,result-data-special-834928
result_data_special,3260,result-data-special-3789120
result_data_special,3263,result-data-special-653443
result_data_special,3264,result-data-special-2075639
result_data_special,3277,result-data-special-3627437
result_data_special,3285,result-data-special-2416631
result_data_special,3291,result-data-special-552679
result_data_special,3295,result-data-special-3024418
result_data_special,3296,result-data-special-3110275
result_data_special,3300,result-data-special-1206080
result_data_special,3307,result-data-special-2637056
result_data_special,3309,result-data-special-2177658
result_data_special,3319,result-data-special-511037
result_data_special,3328,result-data-special-226061
result_data_special,3335,result-data-special-914558
result_data_special,3352,result-data-special-3749927
result_data_special,3355,result-data-special-3960187
result_data_special,3356,result-data-special-2333331
result_data_special,3364,result-data-special-1538388
result_data_special,3366,result-data-special-914558
result_data_special,3367,result-data-special-2678297
result_data_special,3378,result-data-special-3789120
result_data_special,3382,result-data-special-2162294
result_data_special,3388,result-data-special-1259265
result_data_special,3395,result-data-special-767290
result_data_special,3397,result-data-special-1206080
result_data_special,3400,result-data-special-2071296
result_data_special,3410,result-data-special-3777606
result_data_special,3426,result-data-special-2623413
result_data_special,3429,result-data-special-3273691
result_data_special,3432,result-data-special-2119153
result_data_special,3436,result-data-special-256924
result_data_special,3445,result-data-special-2162294
result_data_special,3454,result-data-special-914558
result_data_special,3456,result-data-special-230996
result_data_special,3465,result-data-special-2403045
result_data_special,3467,result-data-special-146131
result_data_special,3469,result-data-special-3627437
result_data_special,3473,result-data-special-2487758
result_data_special,3476,result-data-special-511037
result_data_special,3477,result-data-special-552679
result_data_special,3479,result-data-special-2119153
result_data_special,3489,result-data-special-3110275
result_data_special,3496,result-data-special-1538388
result_data_special,3498,result-data-special-2986259
result_data_special,3499,result-data-special-261223
result_data_special,3504,result-data-special-3960187
result_data_special,3509,result-data-special-2487758
result_data_special,3512,result-data-special-3627437
result_data_special,3518,result-data-special-511037
result_data_special,3519,result-data-special-552679
result_data_special,3524,result-data-special-3789120
result_data_special,3527,result-data-special-3960187
result_data_special,3531,result-data-special-725035
result_data_special,3549,result-data-special-2986259
result_data_special,3565,result-data-special-1168112
result_data_special,3574,result-data-special-2071296
result_data_special,3578,result-data-special-961547
result_data_special,3582,result-data-special-672752
result_data_special,3589,result-data-special-1206080
result_data_special,3595,result-data-special-834928
result_data_special,3599,result-data-special-3789120
result_data_special,3602,result-data-special-261223
result_data_special,3605,result-data-special-2377552
result_data_special,3622,result-data-special-226061
result_data_special,3624,result-data-special-2075639
result_data_special,3635,result-data-special-1351071
result_data_special,3639,result-data-special-961547
result_data_special,3648,result-data-special-2623413
result_data_special,3653,result-data-special-3273691
result_data_special,3657,result-data-special-2075639
result_data_special,3676,result-data-special-556533
result_data_special,3683,result-data-special-3024418
result_data_special,3688,result-data-special-2119153
result_data_special,3700,result-data-special-1538388
result_data_special,3701,result-data-special-3324843
result_data_special,3704,result-data-special-2746869
result_data_special,3708,result-data-special-3556707
result_data_special,3716,result-data-special-2986259
result_data_special,3718,result-data-special-2071296
result_data_special,3719,result-data-special-3960820
result_data_special,3720,result-data-special-2637056
result_data_special,3722,result-data-special-261223
result_data_upWord,2,result-data-upWord-2177658
result_data_upWord,7,result-data-upWord-2678297
result_data_upWord,11,result-data-upWord-1206080
result_data_upWord,17,result-data-upWord-2487758
result_data_upWord,30,result-data-upWord-256924
result_data_upWord,32,result-data-upWord-3749927
result_data_upWord,42,result-data-upWord-3110275
result_data_upWord,51,result-data-upWord-1259265
result_data_upWord,53,result-data-upWord-3789120
result_data_upWord,60,result-data-upWord-2075639
result_data_upWord,67,result-data-upWord-552679
result_data_upWord,68,result-data-upWord-3324843
result_data_upWord,78,result-data-upWord-2377552
result_data_upWord,83,result-data-upWord-2678297
result_data_upWord,90,result-data-upWord-1845057
result_data_upWord,93,result-data-upWord-653443
result_data_upWord,104,result-data-upWord-937444
result_data_upWord,108,result-data-upWord-3960187
result_data_upWord,111,result-data-upWord-2146369
result_data_upWord,116,result-data-upWord-2333331
result_data_upWord,122,result-data-upWord-877423
result_data_upWord,123,result-data-upWord-264145
result_data_upWord,127,result-data-upWord-2986259
result_data_upWord,139,result-data-upWord-2119153
result_data_upWord,151,result-data-upWord-2623413
result_data_upWord,153,result-data-upWord-2177658
result_data_upWord,156,result-data-upWord-2162294
result_data_upWord,157,result-data-upWord-3324843
result_data_upWord,159,result-data-upWord-2119153
result_data_upWord,162,result-data-upWord-3273691
result_data_upWord,163,result-data-upWord-552679
result_data_upWord,169,result-data-upWord-2678297
result_data_upWord,173,result-data-upWord-653443
result_data_upWord,174,result-data-upWord-1113261
result_data_upWord,178,result-data-upWord-1168112
result_data_upWord,183,result-data-upWord-1845057
result_data_upWord,200,result-data-upWord-261223
result_data_upWord,221,result-data-upWord-1351071
result_data_upWord,222,result-data-upWord-3273691
result_data_upWord,240,result-data-upWord-961547
result_data_upWord,252,result-data-upWord-834928
result_data_upWord,262,result-data-upWord-1168112
result_data_upWord,265,result-data-upWord-1113936
result_data_upWord,269,result-data-upWord-2746869
result_data_upWord,270,result-data-upWord-3777606
result_data_upWord,276,result-data-upWord-1538388
result_data_upWord,284,result-data-upWord-1113261
result_data_upWord,285,result-data-upWord-2678297
result_data_upWord,289,result-data-upWord-3960820
result_data_upWord,298,result-data-upWord-3273691
result_data_upWord,302,result-data-upWord-3777606
result_data_upWord,309,result-data-upWord-961547
result_data_upWord,311,result-data-upWord-2416631
result_data_upWord,312,result-data-upWord-3024418
result_data_upWord,314,result-data-upWord-552679
result_data_upWord,315,result-data-upWord-971735
result_data_upWord,317,result-data-upWord-2403045
result_data_upWord,330,result-data-upWord-1351071
result_data_upWord,355,result-data-upWord-256924
result_data_upWord,358,result-data-upWord-3338224
result_data_upWord,360,result-data-upWord-2487758
result_data_upWord,369,result-data-upWord-2333331
result_data_upWord,371,result-data-upWord-3749927
result_data_upWord,375,result-data-upWord-3392338
result_data_upWord,376,result-data-upWord-2487758
result_data_upWord,379,result-data-upWord-2492155
result_data_upWord,389,result-data-upWord-2298362
result_data_upWord,391,result-data-upWord-2075639
result_data_upWord,392,result-data-upWord-2403045
result_data_upWord,394,result-data-upWord-552679
result_data_upWord,410,result-data-upWord-1168112
result_data_upWord,414,result-data-upWord-937444
result_data_upWord,429,result-data-upWord-3960187
result_data_upWord,431,result-data-upWord-226061
result_data_upWord,432,result-data-upWord-3749927
result_data_upWord,436,result-data-upWord-1168112
result_data_upWord,438,result-data-upWord-264145
result_data_upWord,442,result-data-upWord-1351071
result_data_upWord,451,result-data-upWord-2487758
result_data_upWord,452,result-data-upWord-937444
result_data_upWord,456,result-data-upWord-2162294
result_data_upWord,474,result-data-upWord-3392338
result_data_upWord,475,result-data-upWord-3749927
result_data_upWord,478,result-data-upWord-877423
result_data_upWord,479,result-data-upWord-2298362
result_data_upWord,480,result-data-upWord-3789120
result_data_upWord,485,result-data-upWord-767290
result_data_upWord,487,result-data-upWord-2162294
result_data_upWord,488,result-data-upWord-961547
result_data_upWord,494,result-data-upWord-2678297
result_data_upWord,501,result-data-upWord-3777606
result_data_upWord,509,result-data-upWord-3789120
result_data_upWord,515,result-data-upWord-2162294
result_data_upWord,529,result-data-upWord-653443
result_data_upWord,537,result-data-upWord-3273691
result_data_upWord,544,result-data-upWord-1113261
result_data_upWord,546,result-data-upWord-2119153
result_data_upWord,548,result-data-upWord-261223
result_data_upWord,550,result-data-upWord-2177658
result_data_upWord,553,result-data-upWord-3324843
result_data_upWord,558,result-data-upWord-552679
result_data_upWord,560,result-data-upWord-2678297
result_data_upWord,564,result-data-upWord-3392338
result_data_upWord,572,result-data-upWord-1845057
result_data_upWord,573,result-data-upWord-2623413
result_data_upWord,582,result-data-upWord-3960187
result_data_upWord,591,result-data-upWord-2678297
result_data_upWord,596,result-data-upWord-2119153
result_data_upWord,599,result-data-upWord-1168112
result_data_upWord,603,result-data-upWord-2162294
result_data_upWord,606,result-data-upWord-2623413
result_data_upWord,608,result-data-upWord-3273691
result_data_upWord,614,result-data-upWord-653443
result_data_upWord,618,result-data-upWord-261223
result_data_upWord,620,result-data-upWord-2177658
result_data_upWord,624,result-data-upWord-552679
result_data_upWord,630,result-data-upWord-1845057
result_data_upWord,633,result-data-upWord-1113261
result_data_upWord,639,result-data-upWord-3324843
result_data_upWord,665,result-data-upWord-226061
result_data_upWord,667,result-data-upWord-2623413
result_data_upWord,668,result-data-upWord-3273691
result_data_upWord,673,result-data-upWord-3960187
result_data_upWord,675,result-data-upWord-3749927
result_data_upWord,688,result-data-upWord-2298362
result_data_upWord,689,result-data-upWord-3749927
result_data_upWord,701,result-data-upWord-3024418
result_data_upWord,704,result-data-upWord-2492155
result_data_upWord,705,result-data-upWord-961547
result_data_upWord,712,result-data-upWord-2746869
result_data_upWord,713,result-data-upWord-2119153
result_data_upWord,714,result-data-upWord-2146369
result_data_upWord,721,result-data-upWord-1845057
result_data_upWord,723,result-data-upWord-1113261
result_data_upWord,737,result-data-upWord-2416631
result_data_upWord,740,result-data-upWord-2377552
result_data_upWord,751,result-data-upWord-173748
result_data_upWord,756,result-data-upWord-2075639
result_data_upWord,758,result-data-upWord-961547
result_data_upWord,790,result-data-upWord-877423
result_data_upWord,791,result-data-upWord-2403045
result_data_upWord,794,result-data-upWord-3789120
result_data_upWord,798,result-data-upWord-1351071
result_data_upWord,801,result-data-upWord-914558
result_data_upWord,802,result-data-upWord-2071296
result_data_upWord,817,result-data-upWord-2986259
result_data_upWord,818,result-data-upWord-556533
result_data_upWord,822,result-data-upWord-273218
result_data_upWord,827,result-data-upWord-914558
result_data_upWord,831,result-data-upWord-261223
result_data_upWord,832,result-data-upWord-2377552
result_data_upWord,836,result-data-upWord-3789120
result_data_upWord,837,result-data-upWord-1168112
result_data_upWord,843,result-data-upWord-230996
result_data_upWord,844,result-data-upWord-2746869
result_data_upWord,851,result-data-upWord-653443
result_data_upWord,859,result-data-upWord-3749927
result_data_upWord,868,result-data-upWord-3777606
result_data_upWord,890,result-data-upWord-1113261
result_data_upWord,892,result-data-upWord-767290
result_data_upWord,899,result-data-upWord-264145
result_data_upWord,909,result-data-upWord-146131
result_data_upWord,915,result-data-upWord-2075639
result_data_upWord,920,result-data-upWord-2119153
result_data_upWord,923,result-data-upWord-914558
result_data_upWord,924,result-data-upWord-2746869
result_data_upWord,925,result-data-upWord-971735
result_data_upWord,926,result-data-upWord-961547
result_data_upWord,933,result-data-upWord-511037
result_data_upWord,943,result-data-upWord-2623413
result_data_upWord,952,result-data-upWord-3960187
result_data_upWord,954,result-data-upWord-1845057
result_data_upWord,973,result-data-upWord-2487758
result_data_upWord,982,result-data-upWord-672752
result_data_upWord,985,result-data-upWord-261223
result_data_upWord,991,result-data-upWord-173748
result_data_upWord,992,result-data-upWord-230996
result_data_upWord,997,result-data-upWord-2075639
result_data_upWord,999,result-data-upWord-3627437
result_data_upWord,1001,result-data-upWord-2071296
result_data_upWord,1007,result-data-upWord-1206080
result_data_upWord,1022,result-data-upWord-2177658
result_data_upWord,1025,result-data-upWord-3960820
result_data_upWord,1034,result-data-upWord-1168112
result_data_upWord,1037,result-data-upWord-511037
result_data_upWord,1042,result-data-upWord-2146369
result_data_upWord,1048,result-data-upWord-1259265
result_data_upWord,1052,result-data-upWord-2623413
result_data_upWord,1054,result-data-upWord-1845057
result_data_upWord,1060,result-data-upWord-256924
result_data_upWord,1063,result-data-upWord-2678297
result_data_upWord,1077,result-data-upWord-653443
result_data_upWord,1080,result-data-upWord-3338224
result_data_upWord,1088,result-data-upWord-767290
result_data_upWord,1104,result-data-upWord-3273691
result_data_upWord,1109,result-data-upWord-2637056
result_data_upWord,1110,result-data-upWord-3627437
result_data_upWord,1112,result-data-upWord-1538388
result_data_upWord,1120,result-data-upWord-1351071
result_data_upWord,1125,result-data-upWord-230996
result_data_upWord,1126,result-data-upWord-1206080
result_data_upWord,1135,result-data-upWord-511037
result_data_upWord,1137,result-data-upWord-3960187
result_data_upWord,1142,result-data-upWord-725035
result_data_upWord,1147,result-data-upWord-653443
result_data_upWord,1151,result-data-upWord-1168112
result_data_upWord,1162,result-data-upWord-3960187
result_data_upWord,1173,result-data-upWord-226061
result_data_upWord,1177,result-data-upWord-914558
result_data_upWord,1178,result-data-upWord-2146369
result_data_upWord,1187,result-data-upWord-1113261
result_data_upWord,1189,result-data-upWord-3960820
result_data_upWord,1203,result-data-upWord-2377552
result_data_upWord,1209,result-data-upWord-2162294
result_data_upWord,1214,result-data-upWord-767290
result_data_upWord,1218,result-data-upWord-3324843
result_data_upWord,1221,result-data-upWord-3273691
result_data_upWord,1226,result-data-upWord-256924
result_data_upWord,1234,result-data-upWord-261223
result_data_upWord,1235,result-data-upWord-3749927
result_data_upWord,1243,result-data-upWord-3273691
result_data_upWord,1246,result-data-upWord-2298362
result_data_upWord,1253,result-data-upWord-653443
result_data_upWord,1255,result-data-upWord-2492155
result_data_upWord,1268,result-data-upWord-1351071
result_data_upWord,1271,result-data-upWord-767290
result_data_upWord,1277,result-data-upWord-2075639
result_data_upWord,1281,result-data-upWord-1538388
result_data_upWord,1285,result-data-upWord-256924
result_data_upWord,1298,result-data-upWord-2637056
result_data_upWord,1299,result-data-upWord-3392338
result_data_upWord,1310,result-data-upWord-273218
result_data_upWord,1312,result-data-upWord-2416631
result_data_upWord,1314,result-data-upWord-2162294
result_data_upWord,1320,result-data-upWord-1206080
result_data_upWord,1328,result-data-upWord-3273691
result_data_upWord,1333,result-data-upWord-2623413
result_data_upWord,1334,result-data-upWord-3960820
result_data_upWord,1337,result-data-upWord-937444
result_data_upWord,1343,result-data-upWord-3392338
result_data_upWord,1346,result-data-upWord-1206080
result_data_upWord,1348,result-data-upWord-1259265
result_data_upWord,1354,result-data-upWord-2146369
result_data_upWord,1359,result-data-upWord-556533
result_data_upWord,1365,result-data-upWord-256924
result_data_upWord,1366,result-data-upWord-877423
result_data_upWord,1373,result-data-upWord-2637056
result_data_upWord,1383,result-data-upWord-273218
result_data_upWord,1387,result-data-upWord-3777606
result_data_upWord,1389,result-data-upWord-672752
result_data_upWord,1394,result-data-upWord-3024418
result_data_upWord,1395,result-data-upWord-2071296
result_data_upWord,1396,result-data-upWord-3627437
result_data_upWord,1398,result-data-upWord-1351071
result_data_upWord,1399,result-data-upWord-3024418
result_data_upWord,1402,result-data-upWord-230996
result_data_upWord,1412,result-data-upWord-3273691
result_data_upWord,1415,result-data-upWord-261223
result_data_upWord,1416,result-data-upWord-1845057
result_data_upWord,1431,result-data-upWord-767290
result_data_upWord,1444,result-data-upWord-2075639
result_data_upWord,1457,result-data-upWord-877423
result_data_upWord,1458,result-data-upWord-2119153
result_data_upWord,1462,result-data-upWord-2162294
result_data_upWord,1465,result-data-upWord-2298362
result_data_upWord,1467,result-data-upWord-2333331
result_data_upWord,1476,result-data-upWord-1113261
result_data_upWord,1480,result-data-upWord-3627437
result_data_upWord,1484,result-data-upWord-3110275
result_data_upWord,1487,result-data-upWord-1168112
result_data_upWord,1495,result-data-upWord-230996
result_data_upWord,1496,result-data-upWord-937444
result_data_upWord,1498,result-data-upWord-1259265
result_data_upWord,1503,result-data-upWord-2177658
result_data_upWord,1512,result-data-upWord-3338224
result_data_upWord,1513,result-data-upWord-914558
result_data_upWord,1517,result-data-upWord-2986259
result_data_upWord,1522,result-data-upWord-3789120
result_data_upWord,1525,result-data-upWord-3556707
result_data_upWord,1540,result-data-upWord-3627437
result_data_upWord,1542,result-data-upWord-2298362
result_data_upWord,1551,result-data-upWord-2071296
result_data_upWord,1559,result-data-upWord-3392338
result_data_upWord,1566,result-data-upWord-1113936
result_data_upWord,1569,result-data-upWord-1206080
result_data_upWord,1582,result-data-upWord-2119153
result_data_upWord,1586,result-data-upWord-264145
result_data_upWord,1588,result-data-upWord-3556707
result_data_upWord,1589,result-data-upWord-2298362
result_data_upWord,1598,result-data-upWord-937444
result_data_upWord,1600,result-data-upWord-1538388
result_data_upWord,1606,result-data-upWord-653443
result_data_upWord,1609,result-data-upWord-226061
result_data_upWord,1610,result-data-upWord-2377552
result_data_upWord,1615,result-data-upWord-877423
result_data_upWord,1625,result-data-upWord-3392338
result_data_upWord,1627,result-data-upWord-256924
result_data_upWord,1635,result-data-upWord-273218
result_data_upWord,1638,result-data-upWord-2146369
result_data_upWord,1642,result-data-upWord-1113261
result_data_upWord,1643,result-data-upWord-2416631
result_data_upWord,1652,result-data-upWord-2487758
result_data_upWord,1653,result-data-upWord-2637056
result_data_upWord,1656,result-data-upWord-511037
result_data_upWord,1659,result-data-upWord-146131
result_data_upWord,1666,result-data-upWord-1351071
result_data_upWord,1691,result-data-upWord-653443
result_data_upWord,1692,result-data-upWord-2333331
result_data_upWord,1693,result-data-upWord-2986259
result_data_upWord,1699,result-data-upWord-3392338
result_data_upWord,1703,result-data-upWord-1168112
result_data_upWord,1711,result-data-upWord-3324843
result_data_upWord,1720,result-data-upWord-767290
result_data_upWord,1721,result-data-upWord-2162294
result_data_upWord,1727,result-data-upWord-877423
result_data_upWord,1728,result-data-upWord-971735
result_data_upWord,1733,result-data-upWord-1845057
result_data_upWord,1743,result-data-upWord-2177658
result_data_upWord,1744,result-data-upWord-2075639
result_data_upWord,1746,result-data-upWord-552679
result_data_upWord,1774,result-data-upWord-1351071
result_data_upWord,1776,result-data-upWord-3789120
result_data_upWord,1781,result-data-upWord-3960820
result_data_upWord,1783,result-data-upWord-2119153
result_data_upWord,1784,result-data-upWord-2637056
result_data_upWord,1789,result-data-upWord-3110275
result_data_upWord,1791,result-data-upWord-1113261
result_data_upWord,1800,result-data-upWord-3338224
result_data_upWord,1801,result-data-upWord-2416631
result_data_upWord,1815,result-data-upWord-1168112
result_data_upWord,1816,result-data-upWord-914558
result_data_upWord,1817,result-data-upWord-556533
result_data_upWord,1818,result-data-upWord-2623413
result_data_upWord,1825,result-data-upWord-226061
result_data_upWord,1828,result-data-upWord-3960187
result_data_upWord,1830,result-data-upWord-3960820
result_data_upWord,1834,result-data-upWord-2333331
result_data_upWord,1838,result-data-upWord-3789120
result_data_upWord,1842,result-data-upWord-672752
result_data_upWord,1843,result-data-upWord-1351071
result_data_upWord,1851,result-data-upWord-273218
result_data_upWord,1866,result-data-upWord-552679
result_data_upWord,1868,result-data-upWord-230996
result_data_upWord,1874,result-data-upWord-767290
result_data_upWord,1879,result-data-upWord-2492155
result_data_upWord,1887,result-data-upWord-3273691
result_data_upWord,1894,result-data-upWord-264145
result_data_upWord,1895,result-data-upWord-767290
result_data_upWord,1907,result-data-upWord-264145
result_data_upWord,1919,result-data-upWord-2623413
result_data_upWord,1922,result-data-upWord-961547
result_data_upWord,1931,result-data-upWord-877423
result_data_upWord,1932,result-data-upWord-971735
result_data_upWord,1935,result-data-upWord-556533
result_data_upWord,1937,result-data-upWord-3024418
result_data_upWord,1944,result-data-upWord-2403045
result_data_upWord,1951,result-data-upWord-1113936
result_data_upWord,1957,result-data-upWord-834928
result_data_upWord,1959,result-data-upWord-1113261
result_data_upWord,1962,result-data-upWord-2746869
result_data_upWord,1971,result-data-upWord-3338224
result_data_upWord,1979,result-data-upWord-961547
result_data_upWord,1984,result-data-upWord-834928
result_data_upWord,1985,result-data-upWord-914558
result_data_upWord,1987,result-data-upWord-3777606
result_data_upWord,1998,result-data-upWord-2487758
result_data_upWord,2010,result-data-upWord-3392338
result_data_upWord,2015,result-data-upWord-556533
result_data_upWord,2017,result-data-upWord-511037
result_data_upWord,2021,result-data-upWord-2177658
result_data_upWord,2023,result-data-upWord-2416631
result_data_upWord,2030,result-data-upWord-971735
result_data_upWord,2040,result-data-upWord-264145
result_data_upWord,2043,result-data-upWord-3960820
result_data_upWord,2047,result-data-upWord-725035
result_data_upWord,2048,result-data-upWord-1351071
result_data_upWord,2049,result-data-upWord-2146369
result_data_upWord,2058,result-data-upWord-2177658
result_data_upWord,2060,result-data-upWord-264145
result_data_upWord,2064,result-data-upWord-971735
result_data_upWord,2072,result-data-upWord-2298362
result_data_upWord,2074,result-data-upWord-1351071
result_data_upWord,2083,result-data-upWord-2416631
result_data_upWord,2087,result-data-upWord-2746869
result_data_upWord,2088,result-data-upWord-511037
result_data_upWord,2090,result-data-upWord-3392338
result_data_upWord,2093,result-data-upWord-877423
result_data_upWord,2099,result-data-upWord-672752
result_data_upWord,2109,result-data-upWord-653443
result_data_upWord,2112,result-data-upWord-971735
result_data_upWord,2120,result-data-upWord-3273691
result_data_upWord,2136,result-data-upWord-1113261
result_data_upWord,2139,result-data-upWord-230996
result_data_upWord,2140,result-data-upWord-3024418
result_data_upWord,2141,result-data-upWord-511037
result_data_upWord,2150,result-data-upWord-1168112
result_data_upWord,2152,result-data-upWord-2678297
result_data_upWord,2162,result-data-upWord-1168112
result_data_upWord,2164,result-data-upWord-2377552
result_data_upWord,2170,result-data-upWord-1845057
result_data_upWord,2180,result-data-upWord-2637056
result_data_upWord,2187,result-data-upWord-2146369
result_data_upWord,2191,result-data-upWord-1538388
result_data_upWord,2197,result-data-upWord-3556707
result_data_upWord,2198,result-data-upWord-273218
result_data_upWord,2208,result-data-upWord-2986259
result_data_upWord,2214,result-data-upWord-2333331
result_data_upWord,2219,result-data-upWord-556533
result_data_upWord,2220,result-data-upWord-2298362
result_data_upWord,2227,result-data-upWord-3627437
result_data_upWord,2233,result-data-upWord-3556707
result_data_upWord,2237,result-data-upWord-511037
result_data_upWord,2240,result-data-upWord-2298362
result_data_upWord,2246,result-data-upWord-2333331
result_data_upWord,2253,result-data-upWord-1206080
result_data_upWord,2254,result-data-upWord-2162294
result_data_upWord,2255,result-data-upWord-2492155
result_data_upWord,2256,result-data-upWord-3324843
result_data_upWord,2274,result-data-upWord-971735
result_data_upWord,2277,result-data-upWord-1206080
result_data_upWord,2279,result-data-upWord-672752
result_data_upWord,2283,result-data-upWord-2623413
result_data_upWord,2285,result-data-upWord-3338224
result_data_upWord,2291,result-data-upWord-256924
result_data_upWord,2292,result-data-upWord-2177658
result_data_upWord,2294,result-data-upWord-877423
result_data_upWord,2296,result-data-upWord-2146369
result_data_upWord,2307,result-data-upWord-226061
result_data_upWord,2309,result-data-upWord-672752
result_data_upWord,2312,result-data-upWord-971735
result_data_upWord,2316,result-data-upWord-937444
result_data_upWord,2326,result-data-upWord-914558
result_data_upWord,2329,result-data-upWord-3749927
result_data_upWord,2339,result-data-upWord-3960820
result_data_upWord,2348,result-data-upWord-2333331
result_data_upWord,2352,result-data-upWord-3324843
result_data_upWord,2357,result-data-upWord-273218
result_data_upWord,2368,result-data-upWord-1206080
result_data_upWord,2369,result-data-upWord-2377552
result_data_upWord,2375,result-data-upWord-261223
result_data_upWord,2379,result-data-upWord-1168112
result_data_upWord,2382,result-data-upWord-653443
result_data_upWord,2390,result-data-upWord-1538388
result_data_upWord,2402,result-data-upWord-3338224
result_data_upWord,2405,result-data-upWord-767290
result_data_upWord,2412,result-data-upWord-173748
result_data_upWord,2415,result-data-upWord-264145
result_data_upWord,2416,result-data-upWord-2623413
result_data_upWord,2421,result-data-upWord-173748
result_data_upWord,2422,result-data-upWord-226061
result_data_upWord,2424,result-data-upWord-230996
result_data_upWord,2432,result-data-upWord-273218
result_data_upWord,2433,result-data-upWord-2162294
result_data_upWord,2434,result-data-upWord-552679
result_data_upWord,2438,result-data-upWord-2071296
result_data_upWord,2454,result-data-upWord-1168112
result_data_upWord,2455,result-data-upWord-2416631
result_data_upWord,2478,result-data-upWord-725035
result_data_upWord,2495,result-data-upWord-230996
result_data_upWord,2496,result-data-upWord-2333331
result_data_upWord,2500,result-data-upWord-1351071
result_data_upWord,2503,result-data-upWord-1113261
result_data_upWord,2510,result-data-upWord-3392338
result_data_upWord,2527,result-data-upWord-767290
result_data_upWord,2543,result-data-upWord-1845057
result_data_upWord,2545,result-data-upWord-552679
result_data_upWord,2546,result-data-upWord-3392338
result_data_upWord,2548,result-data-upWord-961547
result_data_upWord,2552,result-data-upWord-937444
result_data_upWord,2556,result-data-upWord-3960820
result_data_upWord,2557,result-data-upWord-273218
result_data_upWord,2576,result-data-upWord-173748
result_data_upWord,2577,result-data-upWord-2637056
result_data_upWord,2579,result-data-upWord-3338224
result_data_upWord,2583,result-data-upWord-961547
result_data_upWord,2587,result-data-upWord-146131
result_data_upWord,2595,result-data-upWord-834928
result_data_upWord,2596,result-data-upWord-877423
result_data_upWord,2599,result-data-upWord-2071296
result_data_upWord,2600,result-data-upWord-2071296
result_data_upWord,2603,result-data-upWord-2075639
result_data_upWord,2605,result-data-upWord-767290
result_data_upWord,2611,result-data-upWord-230996
result_data_upWord,2612,result-data-upWord-2492155
result_data_upWord,2615,result-data-upWord-2146369
result_data_upWord,2617,result-data-upWord-1259265
result_data_upWord,2636,result-data-upWord-2678297
result_data_upWord,2642,result-data-upWord-146131
result_data_upWord,2650,result-data-upWord-3392338
result_data_upWord,2659,result-data-upWord-2075639
result_data_upWord,2666,result-data-upWord-3960187
result_data_upWord,2673,result-data-upWord-914558
result_data_upWord,2675,result-data-upWord-672752
result_data_upWord,2684,result-data-upWord-2403045
result_data_upWord,2686,result-data-upWord-2162294
result_data_upWord,2691,result-data-upWord-173748
result_data_upWord,2697,result-data-upWord-961547
result_data_upWord,2698,result-data-upWord-1168112
result_data_upWord,2713,result-data-upWord-653443
result_data_upWord,2717,result-data-upWord-3627437
result_data_upWord,2721,result-data-upWord-2071296
result_data_upWord,2723,result-data-upWord-1351071
result_data_upWord,2726,result-data-upWord-937444
result_data_upWord,2731,result-data-upWord-226061
result_data_upWord,2734,result-data-upWord-937444
result_data_upWord,2740,result-data-upWord-1538388
result_data_upWord,2746,result-data-upWord-146131
result_data_upWord,2757,result-data-upWord-767290
result_data_upWord,2758,result-data-upWord-511037
result_data_upWord,2759,result-data-upWord-2492155
result_data_upWord,2760,result-data-upWord-2119153
result_data_upWord,2765,result-data-upWord-971735
result_data_upWord,2791,result-data-upWord-2487758
result_data_upWord,2792,result-data-upWord-937444
result_data_upWord,2799,result-data-upWord-226061
result_data_upWord,2800,result-data-upWord-3392338
result_data_upWord,2801,result-data-upWord-2298362
result_data_upWord,2802,result-data-upWord-556533
result_data_upWord,2803,result-data-upWord-2162294
result_data_upWord,2812,result-data-upWord-1113936
result_data_upWord,2821,result-data-upWord-3749927
result_data_upWord,2825,result-data-upWord-877423
result_data_upWord,2826,result-data-upWord-1845057
result_data_upWord,2828,result-data-upWord-3273691
result_data_upWord,2862,result-data-upWord-261223
result_data_upWord,2868,result-data-upWord-173748
result_data_upWord,2874,result-data-upWord-3777606
result_data_upWord,2879,result-data-upWord-2637056
result_data_upWord,2883,result-data-upWord-2119153
result_data_upWord,2885,result-data-upWord-1113936
result_data_upWord,2896,result-data-upWord-961547
result_data_upWord,2897,result-data-upWord-1113261
result_data_upWord,2902,result-data-upWord-2986259
result_data_upWord,2907,result-data-upWord-2146369
result_data_upWord,2917,result-data-upWord-1168112
result_data_upWord,2926,result-data-upWord-2333331
result_data_upWord,2928,result-data-upWord-2678297
result_data_upWord,2934,result-data-upWord-834928
result_data_upWord,2945,result-data-upWord-2986259
result_data_upWord,2947,result-data-upWord-1113261
result_data_upWord,2949,result-data-upWord-261223
result_data_upWord,2964,result-data-upWord-767290
result_data_upWord,2967,result-data-upWord-256924
result_data_upWord,2978,result-data-upWord-3024418
result_data_upWord,2979,result-data-upWord-2377552
result_data_upWord,2984,result-data-upWord-3749927
result_data_upWord,2989,result-data-upWord-273218
result_data_upWord,3002,result-data-upWord-877423
result_data_upWord,3005,result-data-upWord-1113261
result_data_upWord,3009,result-data-upWord-256924
result_data_upWord,3014,result-data-upWord-3627437
result_data_upWord,3020,result-data-upWord-1113936
result_data_upWord,3038,result-data-upWord-1538388
result_data_upWord,3042,result-data-upWord-264145
result_data_upWord,3043,result-data-upWord-3960820
result_data_upWord,3045,result-data-upWord-2146369
result_data_upWord,3053,result-data-upWord-3024418
result_data_upWord,3057,result-data-upWord-937444
result_data_upWord,3058,result-data-upWord-3789120
result_data_upWord,3072,result-data-upWord-2403045
result_data_upWord,3075,result-data-upWord-3789120
result_data_upWord,3084,result-data-upWord-1113936
result_data_upWord,3085,result-data-upWord-173748
result_data_upWord,3099,result-data-upWord-2623413
result_data_upWord,3111,result-data-upWord-877423
result_data_upWord,3117,result-data-upWord-556533
result_data_upWord,3123,result-data-upWord-725035
result_data_upWord,3125,result-data-upWord-1259265
result_data_upWord,3128,result-data-upWord-3960820
result_data_upWord,3130,result-data-upWord-3110275
result_data_upWord,3134,result-data-upWord-2492155
result_data_upWord,3144,result-data-upWord-2333331
result_data_upWord,3165,result-data-upWord-3392338
result_data_upWord,3166,result-data-upWord-2492155
result_data_upWord,3169,result-data-upWord-834928
result_data_upWord,3174,result-data-upWord-256924
result_data_upWord,3178,result-data-upWord-2377552
result_data_upWord,3187,result-data-upWord-914558
result_data_upWord,3190,result-data-upWord-1351071
result_data_upWord,3191,result-data-upWord-2177658
result_data_upWord,3196,result-data-upWord-264145
result_data_upWord,3201,result-data-upWord-1113936
result_data_upWord,3215,result-data-upWord-725035
result_data_upWord,3222,result-data-upWord-2623413
result_data_upWord,3223,result-data-upWord-226061
result_data_upWord,3232,result-data-upWord-1538388
result_data_upWord,3234,result-data-upWord-3749927
result_data_upWord,3237,result-data-upWord-834928
result_data_upWord,3238,result-data-upWord-2075639
result_data_upWord,3243,result-data-upWord-2487758
result_data_upWord,3254,result-data-upWord-1113261
result_data_upWord,3258,result-data-upWord-2177658
result_data_upWord,3269,result-data-upWord-725035
result_data_upWord,3270,result-data-upWord-2678297
result_data_upWord,3272,result-data-upWord-2298362
result_data_upWord,3292,result-data-upWord-511037
result_data_upWord,3297,result-data-upWord-3024418
result_data_upWord,3305,result-data-upWord-2377552
result_data_upWord,3310,result-data-upWord-2416631
result_data_upWord,3313,result-data-upWord-971735
result_data_upWord,3330,result-data-upWord-3777606
result_data_upWord,3331,result-data-upWord-1206080
result_data_upWord,3334,result-data-upWord-3338224
result_data_upWord,3342,result-data-upWord-914558
result_data_upWord,3345,result-data-upWord-3960820
result_data_upWord,3358,result-data-upWord-653443
result_data_upWord,3359,result-data-upWord-2071296
result_data_upWord,3373,result-data-upWord-2623413
result_data_upWord,3376,result-data-upWord-2487758
result_data_upWord,3379,result-data-upWord-3777606
result_data_upWord,3389,result-data-upWord-1113261
result_data_upWord,3390,result-data-upWord-1206080
result_data_upWord,3394,result-data-upWord-914558
result_data_upWord,3405,result-data-upWord-2492155
result_data_upWord,3408,result-data-upWord-3556707
result_data_upWord,3416,result-data-upWord-3960820
result_data_upWord,3422,result-data-upWord-2075639
result_data_upWord,3423,result-data-upWord-3789120
result_data_upWord,3430,result-data-upWord-1259265
result_data_upWord,3438,result-data-upWord-3273691
result_data_upWord,3441,result-data-upWord-1845057
result_data_upWord,3449,result-data-upWord-877423
result_data_upWord,3457,result-data-upWord-2333331
result_data_upWord,3461,result-data-upWord-230996
result_data_upWord,3462,result-data-upWord-2162294
result_data_upWord,3468,result-data-upWord-961547
result_data_upWord,3474,result-data-upWord-834928
result_data_upWord,3480,result-data-upWord-2075639
result_data_upWord,3492,result-data-upWord-2403045
result_data_upWord,3493,result-data-upWord-3749927
result_data_upWord,3514,result-data-upWord-672752
result_data_upWord,3520,result-data-upWord-3273691
result_data_upWord,3522,result-data-upWord-3324843
result_data_upWord,3537,result-data-upWord-1538388
result_data_upWord,3541,result-data-upWord-1113261
result_data_upWord,3544,result-data-upWord-3627437
result_data_upWord,3547,result-data-upWord-1206080
result_data_upWord,3554,result-data-upWord-2416631
result_data_upWord,3555,result-data-upWord-1259265
result_data_upWord,3571,result-data-upWord-230996
result_data_upWord,3572,result-data-upWord-877423
result_data_upWord,3575,result-data-upWord-556533
result_data_upWord,3576,result-data-upWord-3338224
result_data_upWord,3583,result-data-upWord-2146369
result_data_upWord,3588,result-data-upWord-2162294
result_data_upWord,3596,result-data-upWord-261223
result_data_upWord,3604,result-data-upWord-1351071
result_data_upWord,3606,result-data-upWord-2623413
result_data_upWord,3608,result-data-upWord-256924
result_data_upWord,3615,result-data-upWord-2333331
result_data_upWord,3621,result-data-upWord-552679
result_data_upWord,3625,result-data-upWord-146131
result_data_upWord,3627,result-data-upWord-230996
result_data_upWord,3637,result-data-upWord-3324843
result_data_upWord,3646,result-data-upWord-2403045
result_data_upWord,3651,result-data-upWord-914558
result_data_upWord,3659,result-data-upWord-2637056
result_data_upWord,3660,result-data-upWord-256924
result_data_upWord,3662,result-data-upWord-556533
result_data_upWord,3663,result-data-upWord-971735
result_data_upWord,3668,result-data-upWord-2333331
result_data_upWord,3672,result-data-upWord-2746869
result_data_upWord,3674,result-data-upWord-1206080
result_data_upWord,3677,result-data-upWord-2298362
result_data_upWord,3692,result-data-upWord-2119153
result_data_upWord,3712,result-data-upWord-3789120
result_data_upWord,3714,result-data-upWord-2986259
result_data_upWord,3723,result-data-upWord-1168112
result_data_normalWord,6,result-data-normalWord-3338224
result_data_normalWord,13,result-data-normalWord-173748
result_data_normalWord,14,result-data-normalWord-672752
result_data_normalWord,25,result-data-normalWord-2298362
result_data_normalWord,29,result-data-normalWord-653443
result_data_normalWord,33,result-data-normalWord-834928
result_data_normalWord,48,result-data-normalWord-1259265
result_data_normalWord,49,result-data-normalWord-2146369
result_data_normalWord,52,result-data-normalWord-961547
result_data_normalWord,54,result-data-normalWord-914558
result_data_normalWord,62,result-data-normalWord-3110275
result_data_normalWord,75,result-data-normalWord-971735
result_data_normalWord,77,result-data-normalWord-672752
result_data_normalWord,82,result-data-normalWord-3338224
result_data_normalWord,99,result-data-normalWord-511037
result_data_normalWord,101,result-data-normalWord-1113261
result_data_normalWord,103,result-data-normalWord-2637056
result_data_normalWord,107,result-data-normalWord-3960187
result_data_normalWord,112,result-data-normalWord-261223
result_data_normalWord,115,result-data-normalWord-2416631
result_data_normalWord,129,result-data-normalWord-556533
result_data_normalWord,136,result-data-normalWord-2298362
result_data_normalWord,138,result-data-normalWord-3024418
result_data_normalWord,148,result-data-normalWord-3024418
result_data_normalWord,150,result-data-normalWord-273218
result_data_normalWord,161,result-data-normalWord-834928
result_data_normalWord,164,result-data-normalWord-672752
result_data_normalWord,167,result-data-normalWord-1113936
result_data_normalWord,176,result-data-normalWord-3749927
result_data_normalWord,177,result-data-normalWord-3556707
result_data_normalWord,181,result-data-normalWord-1168112
result_data_normalWord,186,result-data-normalWord-3960187
result_data_normalWord,192,result-data-normalWord-1113261
result_data_normalWord,197,result-data-normalWord-3324843
result_data_normalWord,210,result-data-normalWord-2637056
result_data_normalWord,218,result-data-normalWord-937444
result_data_normalWord,228,result-data-normalWord-3749927
result_data_normalWord,229,result-data-normalWord-2071296
result_data_normalWord,231,result-data-normalWord-3024418
result_data_normalWord,232,result-data-normalWord-3110275
result_data_normalWord,239,result-data-normalWord-1259265
result_data_normalWord,243,result-data-normalWord-961547
result_data_normalWord,247,result-data-normalWord-3627437
result_data_normalWord,250,result-data-normalWord-256924
result_data_normalWord,251,result-data-normalWord-2377552
result_data_normalWord,255,result-data-normalWord-2416631
result_data_normalWord,278,result-data-normalWord-273218
result_data_normalWord,280,result-data-normalWord-725035
result_data_normalWord,294,result-data-normalWord-672752
result_data_normalWord,296,result-data-normalWord-3338224
result_data_normalWord,299,result-data-normalWord-2637056
result_data_normalWord,303,result-data-normalWord-1168112
result_data_normalWord,308,result-data-normalWord-2177658
result_data_normalWord,319,result-data-normalWord-3960187
result_data_normalWord,321,result-data-normalWord-2492155
result_data_normalWord,324,result-data-normalWord-2333331
result_data_normalWord,334,result-data-normalWord-3789120
result_data_normalWord,340,result-data-normalWord-937444
result_data_normalWord,350,result-data-normalWord-2377552
result_data_normalWord,351,result-data-normalWord-3777606
result_data_normalWord,377,result-data-normalWord-3556707
result_data_normalWord,380,result-data-normalWord-2416631
result_data_normalWord,387,result-data-normalWord-3789120
result_data_normalWord,393,result-data-normalWord-937444
result_data_normalWord,403,result-data-normalWord-877423
result_data_normalWord,408,result-data-normalWord-256924
result_data_normalWord,411,result-data-normalWord-914558
result_data_normalWord,415,result-data-normalWord-2119153
result_data_normalWord,418,result-data-normalWord-3960187
result_data_normalWord,421,result-data-normalWord-2487758
result_data_normalWord,422,result-data-normalWord-3024418
result_data_normalWord,425,result-data-normalWord-261223
result_data_normalWord,440,result-data-normalWord-2298362
result_data_normalWord,441,result-data-normalWord-2986259
result_data_normalWord,447,result-data-normalWord-2637056
result_data_normalWord,448,result-data-normalWord-2678297
result_data_normalWord,458,result-data-normalWord-1351071
result_data_normalWord,462,result-data-normalWord-877423
result_data_normalWord,464,result-data-normalWord-3324843
result_data_normalWord,467,result-data-normalWord-2403045
result_data_normalWord,468,result-data-normalWord-264145
result_data_normalWord,473,result-data-normalWord-2333331
result_data_normalWord,489,result-data-normalWord-2416631
result_data_normalWord,508,result-data-normalWord-1538388
result_data_normalWord,516,result-data-normalWord-834928
result_data_normalWord,522,result-data-normalWord-1113936
result_data_normalWord,525,result-data-normalWord-273218
result_data_normalWord,526,result-data-normalWord-672752
result_data_normalWord,528,result-data-normalWord-3024418
result_data_normalWord,536,result-data-normalWord-3556707
result_data_normalWord,542,result-data-normalWord-3749927
result_data_normalWord,551,result-data-normalWord-1168112
result_data_normalWord,556,result-data-normalWord-937444
result_data_normalWord,568,result-data-normalWord-1113261
result_data_normalWord,575,result-data-normalWord-3324843
result_data_normalWord,576,result-data-normalWord-3960187
result_data_normalWord,590,result-data-normalWord-937444
result_data_normalWord,601,result-data-normalWord-1113261
result_data_normalWord,607,result-data-normalWord-672752
result_data_normalWord,611,result-data-normalWord-834928
result_data_normalWord,613,result-data-normalWord-3024418
result_data_normalWord,615,result-data-normalWord-3556707
result_data_normalWord,619,result-data-normalWord-1113936
result_data_normalWord,626,result-data-normalWord-3960187
result_data_normalWord,638,result-data-normalWord-273218
result_data_normalWord,641,result-data-normalWord-3749927
result_data_normalWord,644,result-data-normalWord-3324843
result_data_normalWord,645,result-data-normalWord-1168112
result_data_normalWord,659,result-data-normalWord-511037
result_data_normalWord,660,result-data-normalWord-914558
result_data_normalWord,671,result-data-normalWord-261223
result_data_normalWord,674,result-data-normalWord-971735
result_data_normalWord,677,result-data-normalWord-3110275
result_data_normalWord,687,result-data-normalWord-2146369
result_data_normalWord,690,result-data-normalWord-3024418
result_data_normalWord,694,result-data-normalWord-2492155
result_data_normalWord,697,result-data-normalWord-1259265
result_data_normalWord,699,result-data-normalWord-552679
result_data_normalWord,706,result-data-normalWord-1113936
result_data_normalWord,719,result-data-normalWord-3556707
result_data_normalWord,729,result-data-normalWord-1113936
result_data_normalWord,733,result-data-normalWord-1538388
result_data_normalWord,735,result-data-normalWord-2746869
result_data_normalWord,743,result-data-normalWord-1206080
result_data_normalWord,749,result-data-normalWord-273218
result_data_normalWord,755,result-data-normalWord-3273691
result_data_normalWord,757,result-data-normalWord-3024418
result_data_normalWord,764,result-data-normalWord-3777606
result_data_normalWord,766,result-data-normalWord-2146369
result_data_normalWord,769,result-data-normalWord-672752
result_data_normalWord,775,result-data-normalWord-2119153
result_data_normalWord,786,result-data-normalWord-226061
result_data_normalWord,795,result-data-normalWord-653443
result_data_normalWord,799,result-data-normalWord-3024418
result_data_normalWord,805,result-data-normalWord-2746869
result_data_normalWord,810,result-data-normalWord-3556707
result_data_normalWord,811,result-data-normalWord-2075639
result_data_normalWord,812,result-data-normalWord-2492155
result_data_normalWord,815,result-data-normalWord-2146369
result_data_normalWord,824,result-data-normalWord-2298362
result_data_normalWord,825,result-data-normalWord-173748
result_data_normalWord,829,result-data-normalWord-1351071
result_data_normalWord,841,result-data-normalWord-834928
result_data_normalWord,846,result-data-normalWord-653443
result_data_normalWord,857,result-data-normalWord-2403045
result_data_normalWord,864,result-data-normalWord-961547
result_data_normalWord,878,result-data-normalWord-971735
result_data_normalWord,880,result-data-normalWord-672752
result_data_normalWord,905,result-data-normalWord-3789120
result_data_normalWord,908,result-data-normalWord-1845057
result_data_normalWord,913,result-data-normalWord-3110275
result_data_normalWord,916,result-data-normalWord-2377552
result_data_normalWord,918,result-data-normalWord-552679
result_data_normalWord,922,result-data-normalWord-834928
result_data_normalWord,927,result-data-normalWord-273218
result_data_normalWord,932,result-data-normalWord-937444
result_data_normalWord,936,result-data-normalWord-261223
result_data_normalWord,948,result-data-normalWord-3960187
result_data_normalWord,956,result-data-normalWord-2071296
result_data_normalWord,963,result-data-normalWord-2623413
result_data_normalWord,966,result-data-normalWord-767290
result_data_normalWord,967,result-data-normalWord-3392338
result_data_normalWord,970,result-data-normalWord-552679
result_data_normalWord,979,result-data-normalWord-1351071
result_data_normalWord,980,result-data-normalWord-256924
result_data_normalWord,998,result-data-normalWord-2637056
result_data_normalWord,1008,result-data-normalWord-914558
result_data_normalWord,1009,result-data-normalWord-2119153
result_data_normalWord,1012,result-data-normalWord-173748
result_data_normalWord,1016,result-data-normalWord-3960187
result_data_normalWord,1026,result-data-normalWord-2678297
result_data_normalWord,1028,result-data-normalWord-556533
result_data_normalWord,1030,result-data-normalWord-2162294
result_data_normalWord,1032,result-data-normalWord-3110275
result_data_normalWord,1045,result-data-normalWord-2637056
result_data_normalWord,1055,result-data-normalWord-1351071
result_data_normalWord,1059,result-data-normalWord-3777606
result_data_normalWord,1061,result-data-normalWord-3960187
result_data_normalWord,1069,result-data-normalWord-3338224
result_data_normalWord,1072,result-data-normalWord-2146369
result_data_normalWord,1089,result-data-normalWord-2623413
result_data_normalWord,1093,result-data-normalWord-2416631
result_data_normalWord,1102,result-data-normalWord-2146369
result_data_normalWord,1103,result-data-normalWord-2487758
result_data_normalWord,1106,result-data-normalWord-3392338
result_data_normalWord,1108,result-data-normalWord-971735
result_data_normalWord,1111,result-data-normalWord-2162294
result_data_normalWord,1118,result-data-normalWord-653443
result_data_normalWord,1146,result-data-normalWord-273218
result_data_normalWord,1148,result-data-normalWord-937444
result_data_normalWord,1164,result-data-normalWord-2403045
result_data_normalWord,1165,result-data-normalWord-914558
result_data_normalWord,1166,result-data-normalWord-2333331
result_data_normalWord,1168,result-data-normalWord-2637056
result_data_normalWord,1170,result-data-normalWord-2487758
result_data_normalWord,1174,result-data-normalWord-2146369
result_data_normalWord,1180,result-data-normalWord-725035
result_data_normalWord,1182,result-data-normalWord-2377552
result_data_normalWord,1184,result-data-normalWord-2071296
result_data_normalWord,1185,result-data-normalWord-2177658
result_data_normalWord,1186,result-data-normalWord-834928
result_data_normalWord,1198,result-data-normalWord-1259265
result_data_normalWord,1200,result-data-normalWord-2492155
result_data_normalWord,1204,result-data-normalWord-1113261
result_data_normalWord,1220,result-data-normalWord-1351071
result_data_normalWord,1222,result-data-normalWord-961547
result_data_normalWord,1231,result-data-normalWord-971735
result_data_normalWord,1249,result-data-normalWord-3556707
result_data_normalWord,1251,result-data-normalWord-2119153
result_data_normalWord,1256,result-data-normalWord-146131
result_data_normalWord,1259,result-data-normalWord-2492155
result_data_normalWord,1264,result-data-normalWord-173748
result_data_normalWord,1265,result-data-normalWord-2075639
result_data_normalWord,1266,result-data-normalWord-2637056
result_data_normalWord,1269,result-data-normalWord-556533
result_data_normalWord,1292,result-data-normalWord-725035
result_data_normalWord,1297,result-data-normalWord-1113261
result_data_normalWord,1305,result-data-normalWord-3338224
result_data_normalWord,1308,result-data-normalWord-2487758
result_data_normalWord,1317,result-data-normalWord-261223
result_data_normalWord,1318,result-data-normalWord-2746869
result_data_normalWord,1321,result-data-normalWord-226061
result_data_normalWord,1323,result-data-normalWord-3324843
result_data_normalWord,1331,result-data-normalWord-3749927
result_data_normalWord,1339,result-data-normalWord-2177658
result_data_normalWord,1344,result-data-normalWord-2333331
result_data_normalWord,1358,result-data-normalWord-971735
result_data_normalWord,1363,result-data-normalWord-653443
result_data_normalWord,1364,result-data-normalWord-937444
result_data_normalWord,1368,result-data-normalWord-1259265
result_data_normalWord,1392,result-data-normalWord-146131
result_data_normalWord,1393,result-data-normalWord-556533
result_data_normalWord,1400,result-data-normalWord-2403045
result_data_normalWord,1405,result-data-normalWord-3960820
result_data_normalWord,1409,result-data-normalWord-2177658
result_data_normalWord,1411,result-data-normalWord-3273691
result_data_normalWord,1414,result-data-normalWord-1206080
result_data_normalWord,1423,result-data-normalWord-1538388
result_data_normalWord,1430,result-data-normalWord-834928
result_data_normalWord,1433,result-data-normalWord-3789120
result_data_normalWord,1440,result-data-normalWord-2146369
result_data_normalWord,1448,result-data-normalWord-2377552
result_data_normalWord,1470,result-data-normalWord-226061
result_data_normalWord,1471,result-data-normalWord-552679
result_data_normalWord,1473,result-data-normalWord-1259265
result_data_normalWord,1474,result-data-normalWord-937444
result_data_normalWord,1475,result-data-normalWord-653443
result_data_normalWord,1479,result-data-normalWord-2637056
result_data_normalWord,1502,result-data-normalWord-3392338
result_data_normalWord,1506,result-data-normalWord-3273691
result_data_normalWord,1509,result-data-normalWord-264145
result_data_normalWord,1510,result-data-normalWord-2298362
result_data_normalWord,1516,result-data-normalWord-1113261
result_data_normalWord,1531,result-data-normalWord-2377552
result_data_normalWord,1538,result-data-normalWord-146131
result_data_normalWord,1554,result-data-normalWord-2162294
result_data_normalWord,1563,result-data-normalWord-877423
result_data_normalWord,1567,result-data-normalWord-2146369
result_data_normalWord,1572,result-data-normalWord-1845057
result_data_normalWord,1574,result-data-normalWord-230996
result_data_normalWord,1576,result-data-normalWord-552679
result_data_normalWord,1579,result-data-normalWord-273218
result_data_normalWord,1584,result-data-normalWord-264145
result_data_normalWord,1591,result-data-normalWord-2119153
result_data_normalWord,1595,result-data-normalWord-261223
result_data_normalWord,1599,result-data-normalWord-3960820
result_data_normalWord,1611,result-data-normalWord-653443
result_data_normalWord,1612,result-data-normalWord-2119153
result_data_normalWord,1616,result-data-normalWord-552679
result_data_normalWord,1621,result-data-normalWord-264145
result_data_normalWord,1622,result-data-normalWord-1259265
result_data_normalWord,1623,result-data-normalWord-3273691
result_data_normalWord,1624,result-data-normalWord-3392338
result_data_normalWord,1649,result-data-normalWord-3777606
result_data_normalWord,1660,result-data-normalWord-2637056
result_data_normalWord,1662,result-data-normalWord-1113936
result_data_normalWord,1675,result-data-normalWord-672752
result_data_normalWord,1677,result-data-normalWord-937444
result_data_normalWord,1681,result-data-normalWord-230996
result_data_normalWord,1687,result-data-normalWord-3749927
result_data_normalWord,1688,result-data-normalWord-3110275
result_data_normalWord,1702,result-data-normalWord-3789120
result_data_normalWord,1704,result-data-normalWord-2146369
result_data_normalWord,1707,result-data-normalWord-3392338
result_data_normalWord,1709,result-data-normalWord-2487758
result_data_normalWord,1710,result-data-normalWord-2177658
result_data_normalWord,1719,result-data-normalWord-672752
result_data_normalWord,1736,result-data-normalWord-1351071
result_data_normalWord,1740,result-data-normalWord-961547
result_data_normalWord,1741,result-data-normalWord-273218
result_data_normalWord,1760,result-data-normalWord-834928
result_data_normalWord,1761,result-data-normalWord-273218
result_data_normalWord,1762,result-data-normalWord-230996
result_data_normalWord,1764,result-data-normalWord-1206080
result_data_normalWord,1772,result-data-normalWord-672752
result_data_normalWord,1773,result-data-normalWord-961547
result_data_normalWord,1777,result-data-normalWord-3024418
result_data_normalWord,1792,result-data-normalWord-2377552
result_data_normalWord,1794,result-data-normalWord-2403045
result_data_normalWord,1806,result-data-normalWord-3392338
result_data_normalWord,1811,result-data-normalWord-2678297
result_data_normalWord,1819,result-data-normalWord-2986259
result_data_normalWord,1832,result-data-normalWord-1206080
result_data_normalWord,1833,result-data-normalWord-146131
result_data_normalWord,1848,result-data-normalWord-1845057
result_data_normalWord,1854,result-data-normalWord-256924
result_data_normalWord,1855,result-data-normalWord-2416631
result_data_normalWord,1860,result-data-normalWord-971735
result_data_normalWord,1865,result-data-normalWord-877423
result_data_normalWord,1871,result-data-normalWord-1113261
result_data_normalWord,1877,result-data-normalWord-2492155
result_data_normalWord,1881,result-data-normalWord-914558
result_data_normalWord,1885,result-data-normalWord-725035
result_data_normalWord,1886,result-data-normalWord-3324843
result_data_normalWord,1902,result-data-normalWord-1538388
result_data_normalWord,1903,result-data-normalWord-1113936
result_data_normalWord,1905,result-data-normalWord-653443
result_data_normalWord,1911,result-data-normalWord-256924
result_data_normalWord,1912,result-data-normalWord-3024418
result_data_normalWord,1915,result-data-normalWord-1845057
result_data_normalWord,1918,result-data-normalWord-2071296
result_data_normalWord,1921,result-data-normalWord-672752
result_data_normalWord,1930,result-data-normalWord-2416631
result_data_normalWord,1955,result-data-normalWord-1351071
result_data_normalWord,1956,result-data-normalWord-961547
result_data_normalWord,1963,result-data-normalWord-3627437
result_data_normalWord,1964,result-data-normalWord-2403045
result_data_normalWord,1975,result-data-normalWord-173748
result_data_normalWord,1976,result-data-normalWord-3556707
result_data_normalWord,1977,result-data-normalWord-2637056
result_data_normalWord,1982,result-data-normalWord-2298362
result_data_normalWord,1991,result-data-normalWord-261223
result_data_normalWord,2000,result-data-normalWord-3749927
result_data_normalWord,2003,result-data-normalWord-1351071
result_data_normalWord,2011,result-data-normalWord-961547
result_data_normalWord,2028,result-data-normalWord-2071296
result_data_normalWord,2041,result-data-normalWord-2377552
result_data_normalWord,2054,result-data-normalWord-2487758
result_data_normalWord,2055,result-data-normalWord-767290
result_data_normalWord,2056,result-data-normalWord-1206080
result_data_normalWord,2059,result-data-normalWord-2637056
result_data_normalWord,2063,result-data-normalWord-3556707
result_data_normalWord,2073,result-data-normalWord-3627437
result_data_normalWord,2075,result-data-normalWord-2377552
result_data_normalWord,2078,result-data-normalWord-556533
result_data_normalWord,2082,result-data-normalWord-173748
result_data_normalWord,2096,result-data-normalWord-834928
result_data_normalWord,2106,result-data-normalWord-230996
result_data_normalWord,2125,result-data-normalWord-273218
result_data_normalWord,2129,result-data-normalWord-2416631
result_data_normalWord,2133,result-data-normalWord-2403045
result_data_normalWord,2155,result-data-normalWord-3273691
result_data_normalWord,2160,result-data-normalWord-2298362
result_data_normalWord,2161,result-data-normalWord-2487758
result_data_normalWord,2167,result-data-normalWord-914558
result_data_normalWord,2171,result-data-normalWord-834928
result_data_normalWord,2172,result-data-normalWord-937444
result_data_normalWord,2173,result-data-normalWord-2623413
result_data_normalWord,2174,result-data-normalWord-3024418
result_data_normalWord,2179,result-data-normalWord-2986259
result_data_normalWord,2183,result-data-normalWord-2177658
result_data_normalWord,2186,result-data-normalWord-261223
result_data_normalWord,2193,result-data-normalWord-1845057
result_data_normalWord,2195,result-data-normalWord-767290
result_data_normalWord,2199,result-data-normalWord-2298362
result_data_normalWord,2200,result-data-normalWord-3627437
result_data_normalWord,2202,result-data-normalWord-3024418
result_data_normalWord,2210,result-data-normalWord-971735
result_data_normalWord,2213,result-data-normalWord-1113936
result_data_normalWord,2216,result-data-normalWord-725035
result_data_normalWord,2225,result-data-normalWord-273218
result_data_normalWord,2226,result-data-normalWord-256924
result_data_normalWord,2232,result-data-normalWord-653443
result_data_normalWord,2259,result-data-normalWord-937444
result_data_normalWord,2260,result-data-normalWord-2071296
result_data_normalWord,2269,result-data-normalWord-3556707
result_data_normalWord,2270,result-data-normalWord-3777606
result_data_normalWord,2272,result-data-normalWord-3110275
result_data_normalWord,2273,result-data-normalWord-273218
result_data_normalWord,2275,result-data-normalWord-1845057
result_data_normalWord,2281,result-data-normalWord-914558
result_data_normalWord,2288,result-data-normalWord-3960187
result_data_normalWord,2295,result-data-normalWord-834928
result_data_normalWord,2298,result-data-normalWord-2986259
result_data_normalWord,2318,result-data-normalWord-2403045
result_data_normalWord,2323,result-data-normalWord-725035
result_data_normalWord,2341,result-data-normalWord-2162294
result_data_normalWord,2342,result-data-normalWord-2071296
result_data_normalWord,2345,result-data-normalWord-3110275
result_data_normalWord,2347,result-data-normalWord-1113261
result_data_normalWord,2353,result-data-normalWord-767290
result_data_normalWord,2361,result-data-normalWord-725035
result_data_normalWord,2366,result-data-normalWord-2403045
result_data_normalWord,2371,result-data-normalWord-2333331
result_data_normalWord,2372,result-data-normalWord-2377552
result_data_normalWord,2387,result-data-normalWord-2487758
result_data_normalWord,2396,result-data-normalWord-3024418
result_data_normalWord,2406,result-data-normalWord-2623413
result_data_normalWord,2414,result-data-normalWord-511037
result_data_normalWord,2417,result-data-normalWord-230996
result_data_normalWord,2418,result-data-normalWord-261223
result_data_normalWord,2419,result-data-normalWord-1113936
result_data_normalWord,2423,result-data-normalWord-2487758
result_data_normalWord,2429,result-data-normalWord-2986259
result_data_normalWord,2443,result-data-normalWord-937444
result_data_normalWord,2448,result-data-normalWord-767290
result_data_normalWord,2450,result-data-normalWord-2623413
result_data_normalWord,2457,result-data-normalWord-3789120
result_data_normalWord,2458,result-data-normalWord-552679
result_data_normalWord,2489,result-data-normalWord-914558
result_data_normalWord,2491,result-data-normalWord-146131
result_data_normalWord,2497,result-data-normalWord-767290
result_data_normalWord,2501,result-data-normalWord-834928
result_data_normalWord,2502,result-data-normalWord-3392338
result_data_normalWord,2509,result-data-normalWord-2298362
result_data_normalWord,2512,result-data-normalWord-2177658
result_data_normalWord,2514,result-data-normalWord-725035
result_data_normalWord,2517,result-data-normalWord-672752
result_data_normalWord,2518,result-data-normalWord-937444
result_data_normalWord,2519,result-data-normalWord-261223
result_data_normalWord,2528,result-data-normalWord-1113261
result_data_normalWord,2529,result-data-normalWord-1168112
result_data_normalWord,2561,result-data-normalWord-3749927
result_data_normalWord,2563,result-data-normalWord-672752
result_data_normalWord,2565,result-data-normalWord-3338224
result_data_normalWord,2567,result-data-normalWord-2637056
result_data_normalWord,2568,result-data-normalWord-3556707
result_data_normalWord,2571,result-data-normalWord-1845057
result_data_normalWord,2573,result-data-normalWord-2678297
result_data_normalWord,2581,result-data-normalWord-3789120
result_data_normalWord,2591,result-data-normalWord-1113261
result_data_normalWord,2597,result-data-normalWord-767290
result_data_normalWord,2619,result-data-normalWord-2162294
result_data_normalWord,2625,result-data-normalWord-3273691
result_data_normalWord,2627,result-data-normalWord-552679
result_data_normalWord,2638,result-data-normalWord-552679
result_data_normalWord,2644,result-data-normalWord-2333331
result_data_normalWord,2645,result-data-normalWord-1259265
result_data_normalWord,2651,result-data-normalWord-3338224
result_data_normalWord,2662,result-data-normalWord-834928
result_data_normalWord,2663,result-data-normalWord-2298362
result_data_normalWord,2674,result-data-normalWord-511037
result_data_normalWord,2681,result-data-normalWord-2162294
result_data_normalWord,2683,result-data-normalWord-146131
result_data_normalWord,2694,result-data-normalWord-2377552
result_data_normalWord,2695,result-data-normalWord-3777606
result_data_normalWord,2700,result-data-normalWord-2678297
result_data_normalWord,2707,result-data-normalWord-2746869
result_data_normalWord,2709,result-data-normalWord-834928
result_data_normalWord,2714,result-data-normalWord-2146369
result_data_normalWord,2720,result-data-normalWord-1538388
result_data_normalWord,2727,result-data-normalWord-3960187
result_data_normalWord,2732,result-data-normalWord-2416631
result_data_normalWord,2735,result-data-normalWord-3749927
result_data_normalWord,2737,result-data-normalWord-511037
result_data_normalWord,2748,result-data-normalWord-556533
result_data_normalWord,2754,result-data-normalWord-1206080
result_data_normalWord,2764,result-data-normalWord-173748
result_data_normalWord,2773,result-data-normalWord-2071296
result_data_normalWord,2780,result-data-normalWord-672752
result_data_normalWord,2784,result-data-normalWord-256924
result_data_normalWord,2785,result-data-normalWord-226061
result_data_normalWord,2795,result-data-normalWord-767290
result_data_normalWord,2798,result-data-normalWord-725035
result_data_normalWord,2808,result-data-normalWord-273218
result_data_normalWord,2815,result-data-normalWord-2637056
result_data_normalWord,2816,result-data-normalWord-2298362
result_data_normalWord,2827,result-data-normalWord-3324843
result_data_normalWord,2832,result-data-normalWord-2403045
result_data_normalWord,2834,result-data-normalWord-914558
result_data_normalWord,2849,result-data-normalWord-3024418
result_data_normalWord,2850,result-data-normalWord-2623413
result_data_normalWord,2853,result-data-normalWord-230996
result_data_normalWord,2854,result-data-normalWord-173748
result_data_normalWord,2866,result-data-normalWord-1845057
result_data_normalWord,2870,result-data-normalWord-653443
result_data_normalWord,2873,result-data-normalWord-511037
result_data_normalWord,2875,result-data-normalWord-2146369
result_data_normalWord,2878,result-data-normalWord-3960820
result_data_normalWord,2882,result-data-normalWord-1351071
result_data_normalWord,2889,result-data-normalWord-2746869
result_data_normalWord,2894,result-data-normalWord-1168112
result_data_normalWord,2909,result-data-normalWord-2071296
result_data_normalWord,2913,result-data-normalWord-2492155
result_data_normalWord,2927,result-data-normalWord-2678297
result_data_normalWord,2930,result-data-normalWord-3024418
result_data_normalWord,2932,result-data-normalWord-2746869
result_data_normalWord,2936,result-data-normalWord-226061
result_data_normalWord,2941,result-data-normalWord-767290
result_data_normalWord,2942,result-data-normalWord-2075639
result_data_normalWord,2958,result-data-normalWord-3392338
result_data_normalWord,2959,result-data-normalWord-3960187
result_data_normalWord,2961,result-data-normalWord-1259265
result_data_normalWord,2972,result-data-normalWord-725035
result_data_normalWord,2983,result-data-normalWord-2333331
result_data_normalWord,2990,result-data-normalWord-2986259
result_data_normalWord,2999,result-data-normalWord-3024418
result_data_normalWord,3004,result-data-normalWord-273218
result_data_normalWord,3006,result-data-normalWord-2678297
result_data_normalWord,3007,result-data-normalWord-971735
result_data_normalWord,3008,result-data-normalWord-2146369
result_data_normalWord,3010,result-data-normalWord-3273691
result_data_normalWord,3016,result-data-normalWord-2071296
result_data_normalWord,3018,result-data-normalWord-767290
result_data_normalWord,3029,result-data-normalWord-2333331
result_data_normalWord,3033,result-data-normalWord-3789120
result_data_normalWord,3041,result-data-normalWord-877423
result_data_normalWord,3044,result-data-normalWord-3960820
result_data_normalWord,3063,result-data-normalWord-2119153
result_data_normalWord,3071,result-data-normalWord-971735
result_data_normalWord,3077,result-data-normalWord-3556707
result_data_normalWord,3079,result-data-normalWord-3338224
result_data_normalWord,3083,result-data-normalWord-552679
result_data_normalWord,3092,result-data-normalWord-1351071
result_data_normalWord,3093,result-data-normalWord-1113261
result_data_normalWord,3097,result-data-normalWord-3024418
result_data_normalWord,3102,result-data-normalWord-2492155
result_data_normalWord,3105,result-data-normalWord-1538388
result_data_normalWord,3114,result-data-normalWord-2162294
result_data_normalWord,3119,result-data-normalWord-226061
result_data_normalWord,3135,result-data-normalWord-1168112
result_data_normalWord,3147,result-data-normalWord-2678297
result_data_normalWord,3149,result-data-normalWord-971735
result_data_normalWord,3157,result-data-normalWord-1168112
result_data_normalWord,3158,result-data-normalWord-3556707
result_data_normalWord,3159,result-data-normalWord-3324843
result_data_normalWord,3161,result-data-normalWord-2298362
result_data_normalWord,3168,result-data-normalWord-2119153
result_data_normalWord,3170,result-data-normalWord-2746869
result_data_normalWord,3180,result-data-normalWord-914558
result_data_normalWord,3194,result-data-normalWord-1538388
result_data_normalWord,3212,result-data-normalWord-2623413
result_data_normalWord,3214,result-data-normalWord-1113936
result_data_normalWord,3218,result-data-normalWord-146131
result_data_normalWord,3219,result-data-normalWord-552679
result_data_normalWord,3220,result-data-normalWord-3392338
result_data_normalWord,3230,result-data-normalWord-230996
result_data_normalWord,3233,result-data-normalWord-230996
result_data_normalWord,3241,result-data-normalWord-2986259
result_data_normalWord,3242,result-data-normalWord-261223
result_data_normalWord,3245,result-data-normalWord-2146369
result_data_normalWord,3251,result-data-normalWord-2637056
result_data_normalWord,3255,result-data-normalWord-1168112
result_data_normalWord,3265,result-data-normalWord-2333331
result_data_normalWord,3267,result-data-normalWord-273218
result_data_normalWord,3268,result-data-normalWord-653443
result_data_normalWord,3281,result-data-normalWord-914558
result_data_normalWord,3290,result-data-normalWord-2678297
result_data_normalWord,3293,result-data-normalWord-672752
result_data_normalWord,3299,result-data-normalWord-3556707
result_data_normalWord,3301,result-data-normalWord-230996
result_data_normalWord,3302,result-data-normalWord-1113936
result_data_normalWord,3304,result-data-normalWord-725035
result_data_normalWord,3306,result-data-normalWord-1206080
result_data_normalWord,3308,result-data-normalWord-552679
result_data_normalWord,3318,result-data-normalWord-2492155
result_data_normalWord,3324,result-data-normalWord-1113261
result_data_normalWord,3329,result-data-normalWord-2177658
result_data_normalWord,3338,result-data-normalWord-3392338
result_data_normalWord,3363,result-data-normalWord-2403045
result_data_normalWord,3365,result-data-normalWord-3749927
result_data_normalWord,3368,result-data-normalWord-971735
result_data_normalWord,3370,result-data-normalWord-1113936
result_data_normalWord,3372,result-data-normalWord-264145
result_data_normalWord,3374,result-data-normalWord-2637056
result_data_normalWord,3375,result-data-normalWord-511037
result_data_normalWord,3381,result-data-normalWord-230996
result_data_normalWord,3387,result-data-normalWord-3627437
result_data_normalWord,3402,result-data-normalWord-725035
result_data_normalWord,3412,result-data-normalWord-2075639
result_data_normalWord,3419,result-data-normalWord-2146369
result_data_normalWord,3428,result-data-normalWord-2177658
result_data_normalWord,3442,result-data-normalWord-3777606
result_data_normalWord,3444,result-data-normalWord-3324843
result_data_normalWord,3447,result-data-normalWord-2298362
result_data_normalWord,3453,result-data-normalWord-1168112
result_data_normalWord,3470,result-data-normalWord-261223
result_data_normalWord,3471,result-data-normalWord-914558
result_data_normalWord,3482,result-data-normalWord-556533
result_data_normalWord,3484,result-data-normalWord-2071296
result_data_normalWord,3485,result-data-normalWord-2492155
result_data_normalWord,3490,result-data-normalWord-2119153
result_data_normalWord,3502,result-data-normalWord-2333331
result_data_normalWord,3503,result-data-normalWord-725035
result_data_normalWord,3515,result-data-normalWord-767290
result_data_normalWord,3528,result-data-normalWord-3777606
result_data_normalWord,3529,result-data-normalWord-3556707
result_data_normalWord,3532,result-data-normalWord-511037
result_data_normalWord,3534,result-data-normalWord-2746869
result_data_normalWord,3535,result-data-normalWord-261223
result_data_normalWord,3538,result-data-normalWord-1538388
result_data_normalWord,3548,result-data-normalWord-961547
result_data_normalWord,3551,result-data-normalWord-1845057
result_data_normalWord,3558,result-data-normalWord-2492155
result_data_normalWord,3562,result-data-normalWord-2416631
result_data_normalWord,3564,result-data-normalWord-3627437
result_data_normalWord,3570,result-data-normalWord-3324843
result_data_normalWord,3590,result-data-normalWord-2487758
result_data_normalWord,3594,result-data-normalWord-2298362
result_data_normalWord,3601,result-data-normalWord-2746869
result_data_normalWord,3611,result-data-normalWord-264145
result_data_normalWord,3612,result-data-normalWord-2177658
result_data_normalWord,3619,result-data-normalWord-3749927
result_data_normalWord,3628,result-data-normalWord-3324843
result_data_normalWord,3631,result-data-normalWord-725035
result_data_normalWord,3632,result-data-normalWord-2986259
result_data_normalWord,3638,result-data-normalWord-961547
result_data_normalWord,3640,result-data-normalWord-2377552
result_data_normalWord,3644,result-data-normalWord-3273691
result_data_normalWord,3658,result-data-normalWord-725035
result_data_normalWord,3665,result-data-normalWord-261223
result_data_normalWord,3669,result-data-normalWord-3324843
result_data_normalWord,3671,result-data-normalWord-2986259
result_data_normalWord,3678,result-data-normalWord-3960820
result_data_normalWord,3684,result-data-normalWord-2146369
result_data_normalWord,3685,result-data-normalWord-2333331
result_data_normalWord,3689,result-data-normalWord-2746869
result_data_normalWord,3696,result-data-normalWord-2071296
result_data_normalWord,3702,result-data-normalWord-3273691
result_data_normalWord,3703,result-data-normalWord-2119153
result_data_normalWord,3715,result-data-normalWord-1845057
result_data_normalWord,3724,result-data-normalWord-1538388
result_data_downWord,15,result-data-downWord-2071296
result_data_downWord,21,result-data-downWord-2678297
result_data_downWord,22,result-data-downWord-2986259
result_data_downWord,24,result-data-downWord-877423
result_data_downWord,26,result-data-downWord-2487758
result_data_downWord,27,result-data-downWord-3556707
result_data_downWord,50,result-data-downWord-552679
result_data_downWord,55,result-data-downWord-2986259
result_data_downWord,58,result-data-downWord-1168112
result_data_downWord,63,result-data-downWord-2146369
result_data_downWord,69,result-data-downWord-3273691
result_data_downWord,71,result-data-downWord-2075639
result_data_downWord,73,result-data-downWord-146131
result_data_downWord,86,result-data-downWord-2487758
result_data_downWord,91,result-data-downWord-1538388
result_data_downWord,92,result-data-downWord-173748
result_data_downWord,105,result-data-downWord-834928
result_data_downWord,114,result-data-downWord-3556707
result_data_downWord,117,result-data-downWord-3110275
result_data_downWord,124,result-data-downWord-3392338
result_data_downWord,130,result-data-downWord-2377552
result_data_downWord,132,result-data-downWord-2746869
result_data_downWord,133,result-data-downWord-937444
result_data_downWord,134,result-data-downWord-2298362
result_data_downWord,142,result-data-downWord-2986259
result_data_downWord,165,result-data-downWord-3777606
result_data_downWord,172,result-data-downWord-2637056
result_data_downWord,180,result-data-downWord-653443
result_data_downWord,184,result-data-downWord-2177658
result_data_downWord,189,result-data-downWord-173748
result_data_downWord,193,result-data-downWord-3749927
result_data_downWord,202,result-data-downWord-3024418
result_data_downWord,204,result-data-downWord-3960187
result_data_downWord,205,result-data-downWord-3273691
result_data_downWord,207,result-data-downWord-3960820
result_data_downWord,208,result-data-downWord-1206080
result_data_downWord,216,result-data-downWord-3627437
result_data_downWord,217,result-data-downWord-2623413
result_data_downWord,225,result-data-downWord-556533
result_data_downWord,234,result-data-downWord-3392338
result_data_downWord,235,result-data-downWord-226061
result_data_downWord,241,result-data-downWord-2146369
result_data_downWord,248,result-data-downWord-2678297
result_data_downWord,253,result-data-downWord-2119153
result_data_downWord,256,result-data-downWord-1351071
result_data_downWord,260,result-data-downWord-173748
result_data_downWord,271,result-data-downWord-3960187
result_data_downWord,273,result-data-downWord-2746869
result_data_downWord,287,result-data-downWord-230996
result_data_downWord,288,result-data-downWord-971735
result_data_downWord,290,result-data-downWord-3273691
result_data_downWord,304,result-data-downWord-2678297
result_data_downWord,307,result-data-downWord-653443
result_data_downWord,313,result-data-downWord-2487758
result_data_downWord,316,result-data-downWord-511037
result_data_downWord,318,result-data-downWord-226061
result_data_downWord,320,result-data-downWord-725035
result_data_downWord,336,result-data-downWord-256924
result_data_downWord,344,result-data-downWord-556533
result_data_downWord,345,result-data-downWord-552679
result_data_downWord,349,result-data-downWord-2403045
result_data_downWord,352,result-data-downWord-2071296
result_data_downWord,354,result-data-downWord-2146369
result_data_downWord,373,result-data-downWord-256924
result_data_downWord,384,result-data-downWord-971735
result_data_downWord,386,result-data-downWord-226061
result_data_downWord,388,result-data-downWord-653443
result_data_downWord,390,result-data-downWord-3777606
result_data_downWord,395,result-data-downWord-2146369
result_data_downWord,396,result-data-downWord-3749927
result_data_downWord,397,result-data-downWord-3960820
result_data_downWord,406,result-data-downWord-725035
result_data_downWord,428,result-data-downWord-2071296
result_data_downWord,433,result-data-downWord-264145
result_data_downWord,435,result-data-downWord-2623413
result_data_downWord,446,result-data-downWord-3110275
result_data_downWord,449,result-data-downWord-3777606
result_data_downWord,453,result-data-downWord-672752
result_data_downWord,459,result-data-downWord-672752
result_data_downWord,461,result-data-downWord-2403045
result_data_downWord,463,result-data-downWord-1259265
result_data_downWord,465,result-data-downWord-2678297
result_data_downWord,471,result-data-downWord-230996
result_data_downWord,472,result-data-downWord-552679
result_data_downWord,481,result-data-downWord-2333331
result_data_downWord,482,result-data-downWord-3749927
result_data_downWord,486,result-data-downWord-2377552
result_data_downWord,496,result-data-downWord-1206080
result_data_downWord,502,result-data-downWord-3960187
result_data_downWord,514,result-data-downWord-2177658
result_data_downWord,521,result-data-downWord-173748
result_data_downWord,531,result-data-downWord-2637056
result_data_downWord,532,result-data-downWord-3777606
result_data_downWord,538,result-data-downWord-653443
result_data_downWord,543,result-data-downWord-3024418
result_data_downWord,555,result-data-downWord-3749927
result_data_downWord,571,result-data-downWord-3960187
result_data_downWord,577,result-data-downWord-3960820
result_data_downWord,578,result-data-downWord-2623413
result_data_downWord,579,result-data-downWord-3627437
result_data_downWord,583,result-data-downWord-1206080
result_data_downWord,584,result-data-downWord-1168112
result_data_downWord,598,result-data-downWord-653443
result_data_downWord,602,result-data-downWord-3777606
result_data_downWord,610,result-data-downWord-173748
result_data_downWord,627,result-data-downWord-1206080
result_data_downWord,629,result-data-downWord-3024418
result_data_downWord,634,result-data-downWord-2177658
result_data_downWord,635,result-data-downWord-2637056
result_data_downWord,643,result-data-downWord-3749927
result_data_downWord,646,result-data-downWord-3627437
result_data_downWord,650,result-data-downWord-3960820
result_data_downWord,656,result-data-downWord-3960187
result_data_downWord,657,result-data-downWord-2623413
result_data_downWord,663,result-data-downWord-961547
result_data_downWord,684,result-data-downWord-264145
result_data_downWord,693,result-data-downWord-2298362
result_data_downWord,696,result-data-downWord-2487758
result_data_downWord,698,result-data-downWord-2746869
result_data_downWord,703,result-data-downWord-146131
result_data_downWord,707,result-data-downWord-877423
result_data_downWord,709,result-data-downWord-3392338
result_data_downWord,711,result-data-downWord-725035
result_data_downWord,715,result-data-downWord-3024418
result_data_downWord,717,result-data-downWord-2298362
result_data_downWord,718,result-data-downWord-2986259
result_data_downWord,727,result-data-downWord-2333331
result_data_downWord,734,result-data-downWord-2075639
result_data_downWord,738,result-data-downWord-1113936
result_data_downWord,750,result-data-downWord-3749927
result_data_downWord,753,result-data-downWord-961547
result_data_downWord,759,result-data-downWord-264145
result_data_downWord,763,result-data-downWord-3324843
result_data_downWord,770,result-data-downWord-971735
result_data_downWord,781,result-data-downWord-2637056
result_data_downWord,782,result-data-downWord-2333331
result_data_downWord,785,result-data-downWord-653443
result_data_downWord,787,result-data-downWord-2416631
result_data_downWord,793,result-data-downWord-1168112
result_data_downWord,796,result-data-downWord-556533
result_data_downWord,807,result-data-downWord-2986259
result_data_downWord,813,result-data-downWord-3556707
result_data_downWord,814,result-data-downWord-672752
result_data_downWord,823,result-data-downWord-653443
result_data_downWord,826,result-data-downWord-511037
result_data_downWord,839,result-data-downWord-877423
result_data_downWord,840,result-data-downWord-3273691
result_data_downWord,847,result-data-downWord-2162294
result_data_downWord,849,result-data-downWord-1113261
result_data_downWord,853,result-data-downWord-937444
result_data_downWord,858,result-data-downWord-256924
result_data_downWord,869,result-data-downWord-2119153
result_data_downWord,885,result-data-downWord-1351071
result_data_downWord,886,result-data-downWord-672752
result_data_downWord,889,result-data-downWord-2146369
result_data_downWord,895,result-data-downWord-2492155
result_data_downWord,900,result-data-downWord-725035
result_data_downWord,902,result-data-downWord-511037
result_data_downWord,928,result-data-downWord-2177658
result_data_downWord,934,result-data-downWord-1259265
result_data_downWord,938,result-data-downWord-3960820
result_data_downWord,942,result-data-downWord-1206080
result_data_downWord,944,result-data-downWord-3024418
result_data_downWord,949,result-data-downWord-1168112
result_data_downWord,965,result-data-downWord-914558
result_data_downWord,977,result-data-downWord-672752
result_data_downWord,986,result-data-downWord-1113936
result_data_downWord,990,result-data-downWord-3110275
result_data_downWord,993,result-data-downWord-971735
result_data_downWord,995,result-data-downWord-1259265
result_data_downWord,996,result-data-downWord-2377552
result_data_downWord,1000,result-data-downWord-146131
result_data_downWord,1004,result-data-downWord-3789120
result_data_downWord,1006,result-data-downWord-2333331
result_data_downWord,1015,result-data-downWord-3960820
result_data_downWord,1019,result-data-downWord-552679
result_data_downWord,1027,result-data-downWord-3024418
result_data_downWord,1033,result-data-downWord-256924
result_data_downWord,1038,result-data-downWord-672752
result_data_downWord,1051,result-data-downWord-767290
result_data_downWord,1058,result-data-downWord-3789120
result_data_downWord,1064,result-data-downWord-1351071
result_data_downWord,1066,result-data-downWord-834928
result_data_downWord,1067,result-data-downWord-1206080
result_data_downWord,1070,result-data-downWord-961547
result_data_downWord,1090,result-data-downWord-1259265
result_data_downWord,1095,result-data-downWord-1113261
result_data_downWord,1098,result-data-downWord-2146369
result_data_downWord,1099,result-data-downWord-834928
result_data_downWord,1134,result-data-downWord-725035
result_data_downWord,1141,result-data-downWord-1168112
result_data_downWord,1143,result-data-downWord-3024418
result_data_downWord,1144,result-data-downWord-3324843
result_data_downWord,1145,result-data-downWord-3960187
result_data_downWord,1150,result-data-downWord-2075639
result_data_downWord,1152,result-data-downWord-2746869
result_data_downWord,1155,result-data-downWord-2492155
result_data_downWord,1160,result-data-downWord-3627437
result_data_downWord,1167,result-data-downWord-3273691
result_data_downWord,1171,result-data-downWord-3324843
result_data_downWord,1191,result-data-downWord-146131
result_data_downWord,1193,result-data-downWord-672752
result_data_downWord,1195,result-data-downWord-1845057
result_data_downWord,1199,result-data-downWord-3556707
result_data_downWord,1205,result-data-downWord-937444
result_data_downWord,1207,result-data-downWord-3273691
result_data_downWord,1208,result-data-downWord-552679
result_data_downWord,1210,result-data-downWord-273218
result_data_downWord,1211,result-data-downWord-2162294
result_data_downWord,1225,result-data-downWord-2075639
result_data_downWord,1229,result-data-downWord-2487758
result_data_downWord,1241,result-data-downWord-2623413
result_data_downWord,1274,result-data-downWord-961547
result_data_downWord,1275,result-data-downWord-1206080
result_data_downWord,1276,result-data-downWord-1538388
result_data_downWord,1284,result-data-downWord-767290
result_data_downWord,1286,result-data-downWord-2416631
result_data_downWord,1287,result-data-downWord-2492155
result_data_downWord,1288,result-data-downWord-2403045
result_data_downWord,1291,result-data-downWord-3338224
result_data_downWord,1294,result-data-downWord-2492155
result_data_downWord,1301,result-data-downWord-2075639
result_data_downWord,1302,result-data-downWord-3392338
result_data_downWord,1304,result-data-downWord-230996
result_data_downWord,1307,result-data-downWord-2377552
result_data_downWord,1313,result-data-downWord-2377552
result_data_downWord,1325,result-data-downWord-2298362
result_data_downWord,1340,result-data-downWord-146131
result_data_downWord,1347,result-data-downWord-725035
result_data_downWord,1361,result-data-downWord-937444
result_data_downWord,1362,result-data-downWord-2119153
result_data_downWord,1367,result-data-downWord-1113261
result_data_downWord,1369,result-data-downWord-961547
result_data_downWord,1370,result-data-downWord-3556707
result_data_downWord,1371,result-data-downWord-877423
result_data_downWord,1379,result-data-downWord-3960820
result_data_downWord,1381,result-data-downWord-2637056
result_data_downWord,1384,result-data-downWord-3960187
result_data_downWord,1390,result-data-downWord-1113936
result_data_downWord,1406,result-data-downWord-2177658
result_data_downWord,1408,result-data-downWord-937444
result_data_downWord,1413,result-data-downWord-256924
result_data_downWord,1417,result-data-downWord-937444
result_data_downWord,1422,result-data-downWord-1538388
result_data_downWord,1428,result-data-downWord-226061
result_data_downWord,1429,result-data-downWord-2986259
result_data_downWord,1435,result-data-downWord-3338224
result_data_downWord,1436,result-data-downWord-2403045
result_data_downWord,1443,result-data-downWord-3960187
result_data_downWord,1449,result-data-downWord-2637056
result_data_downWord,1451,result-data-downWord-273218
result_data_downWord,1453,result-data-downWord-2487758
result_data_downWord,1460,result-data-downWord-3960820
result_data_downWord,1482,result-data-downWord-1845057
result_data_downWord,1492,result-data-downWord-261223
result_data_downWord,1494,result-data-downWord-2162294
result_data_downWord,1499,result-data-downWord-672752
result_data_downWord,1505,result-data-downWord-3110275
result_data_downWord,1507,result-data-downWord-2146369
result_data_downWord,1508,result-data-downWord-2623413
result_data_downWord,1518,result-data-downWord-2119153
result_data_downWord,1519,result-data-downWord-2637056
result_data_downWord,1520,result-data-downWord-3960187
result_data_downWord,1523,result-data-downWord-2377552
result_data_downWord,1526,result-data-downWord-3960820
result_data_downWord,1530,result-data-downWord-2678297
result_data_downWord,1549,result-data-downWord-2637056
result_data_downWord,1557,result-data-downWord-725035
result_data_downWord,1573,result-data-downWord-146131
result_data_downWord,1575,result-data-downWord-2071296
result_data_downWord,1577,result-data-downWord-1113261
result_data_downWord,1580,result-data-downWord-1538388
result_data_downWord,1590,result-data-downWord-3627437
result_data_downWord,1592,result-data-downWord-1113936
result_data_downWord,1593,result-data-downWord-1351071
result_data_downWord,1596,result-data-downWord-2986259
result_data_downWord,1601,result-data-downWord-3338224
result_data_downWord,1605,result-data-downWord-3960187
result_data_downWord,1628,result-data-downWord-1206080
result_data_downWord,1646,result-data-downWord-3556707
result_data_downWord,1648,result-data-downWord-261223
result_data_downWord,1651,result-data-downWord-971735
result_data_downWord,1661,result-data-downWord-653443
result_data_downWord,1663,result-data-downWord-2746869
result_data_downWord,1668,result-data-downWord-3273691
result_data_downWord,1669,result-data-downWord-2162294
result_data_downWord,1672,result-data-downWord-1538388
result_data_downWord,1673,result-data-downWord-173748
result_data_downWord,1674,result-data-downWord-3749927
result_data_downWord,1679,result-data-downWord-2333331
result_data_downWord,1694,result-data-downWord-2986259
result_data_downWord,1705,result-data-downWord-937444
result_data_downWord,1712,result-data-downWord-2162294
result_data_downWord,1715,result-data-downWord-2637056
result_data_downWord,1716,result-data-downWord-3324843
result_data_downWord,1729,result-data-downWord-556533
result_data_downWord,1730,result-data-downWord-1845057
result_data_downWord,1731,result-data-downWord-173748
result_data_downWord,1735,result-data-downWord-653443
result_data_downWord,1739,result-data-downWord-767290
result_data_downWord,1745,result-data-downWord-2333331
result_data_downWord,1749,result-data-downWord-2623413
result_data_downWord,1751,result-data-downWord-1259265
result_data_downWord,1758,result-data-downWord-2075639
result_data_downWord,1769,result-data-downWord-2177658
result_data_downWord,1771,result-data-downWord-1168112
result_data_downWord,1775,result-data-downWord-937444
result_data_downWord,1782,result-data-downWord-556533
result_data_downWord,1786,result-data-downWord-3556707
result_data_downWord,1793,result-data-downWord-1845057
result_data_downWord,1796,result-data-downWord-3324843
result_data_downWord,1802,result-data-downWord-1113261
result_data_downWord,1803,result-data-downWord-2416631
result_data_downWord,1805,result-data-downWord-226061
result_data_downWord,1824,result-data-downWord-2623413
result_data_downWord,1829,result-data-downWord-2119153
result_data_downWord,1844,result-data-downWord-3392338
result_data_downWord,1853,result-data-downWord-2487758
result_data_downWord,1856,result-data-downWord-511037
result_data_downWord,1857,result-data-downWord-2492155
result_data_downWord,1861,result-data-downWord-2162294
result_data_downWord,1870,result-data-downWord-2177658
result_data_downWord,1872,result-data-downWord-834928
result_data_downWord,1875,result-data-downWord-1206080
result_data_downWord,1888,result-data-downWord-3556707
result_data_downWord,1893,result-data-downWord-767290
result_data_downWord,1898,result-data-downWord-3627437
result_data_downWord,1916,result-data-downWord-2177658
result_data_downWord,1920,result-data-downWord-556533
result_data_downWord,1928,result-data-downWord-2075639
result_data_downWord,1933,result-data-downWord-653443
result_data_downWord,1939,result-data-downWord-2492155
result_data_downWord,1941,result-data-downWord-914558
result_data_downWord,1942,result-data-downWord-1259265
result_data_downWord,1945,result-data-downWord-1259265
result_data_downWord,1946,result-data-downWord-3789120
result_data_downWord,1950,result-data-downWord-261223
result_data_downWord,1952,result-data-downWord-1113936
result_data_downWord,1960,result-data-downWord-3556707
result_data_downWord,1980,result-data-downWord-226061
result_data_downWord,1992,result-data-downWord-2678297
result_data_downWord,1997,result-data-downWord-511037
result_data_downWord,1999,result-data-downWord-3392338
result_data_downWord,2001,result-data-downWord-264145
result_data_downWord,2002,result-data-downWord-725035
result_data_downWord,2005,result-data-downWord-937444
result_data_downWord,2007,result-data-downWord-2071296
result_data_downWord,2019,result-data-downWord-767290
result_data_downWord,2027,result-data-downWord-2177658
result_data_downWord,2034,result-data-downWord-2298362
result_data_downWord,2039,result-data-downWord-2986259
result_data_downWord,2042,result-data-downWord-1538388
result_data_downWord,2045,result-data-downWord-273218
result_data_downWord,2061,result-data-downWord-961547
result_data_downWord,2065,result-data-downWord-511037
result_data_downWord,2066,result-data-downWord-1845057
result_data_downWord,2071,result-data-downWord-3627437
result_data_downWord,2079,result-data-downWord-834928
result_data_downWord,2081,result-data-downWord-2986259
result_data_downWord,2097,result-data-downWord-971735
result_data_downWord,2102,result-data-downWord-256924
result_data_downWord,2105,result-data-downWord-3960820
result_data_downWord,2108,result-data-downWord-2146369
result_data_downWord,2113,result-data-downWord-2333331
result_data_downWord,2118,result-data-downWord-3392338
result_data_downWord,2124,result-data-downWord-2637056
result_data_downWord,2132,result-data-downWord-914558
result_data_downWord,2138,result-data-downWord-3789120
result_data_downWord,2142,result-data-downWord-1168112
result_data_downWord,2165,result-data-downWord-834928
result_data_downWord,2175,result-data-downWord-273218
result_data_downWord,2176,result-data-downWord-261223
result_data_downWord,2181,result-data-downWord-877423
result_data_downWord,2182,result-data-downWord-3273691
result_data_downWord,2184,result-data-downWord-2623413
result_data_downWord,2189,result-data-downWord-3110275
result_data_downWord,2190,result-data-downWord-230996
result_data_downWord,2201,result-data-downWord-256924
result_data_downWord,2206,result-data-downWord-1351071
result_data_downWord,2207,result-data-downWord-173748
result_data_downWord,2211,result-data-downWord-834928
result_data_downWord,2212,result-data-downWord-3789120
result_data_downWord,2224,result-data-downWord-914558
result_data_downWord,2231,result-data-downWord-937444
result_data_downWord,2243,result-data-downWord-2403045
result_data_downWord,2245,result-data-downWord-2333331
result_data_downWord,2247,result-data-downWord-2146369
result_data_downWord,2262,result-data-downWord-1259265
result_data_downWord,2263,result-data-downWord-3627437
result_data_downWord,2286,result-data-downWord-226061
result_data_downWord,2289,result-data-downWord-1113936
result_data_downWord,2297,result-data-downWord-834928
result_data_downWord,2299,result-data-downWord-2377552
result_data_downWord,2303,result-data-downWord-1168112
result_data_downWord,2310,result-data-downWord-3324843
result_data_downWord,2314,result-data-downWord-3338224
result_data_downWord,2319,result-data-downWord-1259265
result_data_downWord,2320,result-data-downWord-2678297
result_data_downWord,2331,result-data-downWord-1538388
result_data_downWord,2335,result-data-downWord-552679
result_data_downWord,2337,result-data-downWord-1113261
result_data_downWord,2355,result-data-downWord-1113261
result_data_downWord,2358,result-data-downWord-914558
result_data_downWord,2359,result-data-downWord-1113936
result_data_downWord,2360,result-data-downWord-2492155
result_data_downWord,2362,result-data-downWord-834928
result_data_downWord,2364,result-data-downWord-877423
result_data_downWord,2374,result-data-downWord-2623413
result_data_downWord,2376,result-data-downWord-3777606
result_data_downWord,2377,result-data-downWord-2377552
result_data_downWord,2380,result-data-downWord-261223
result_data_downWord,2385,result-data-downWord-1168112
result_data_downWord,2392,result-data-downWord-2177658
result_data_downWord,2410,result-data-downWord-2333331
result_data_downWord,2425,result-data-downWord-3110275
result_data_downWord,2426,result-data-downWord-2492155
result_data_downWord,2440,result-data-downWord-264145
result_data_downWord,2444,result-data-downWord-3392338
result_data_downWord,2447,result-data-downWord-173748
result_data_downWord,2456,result-data-downWord-937444
result_data_downWord,2459,result-data-downWord-1351071
result_data_downWord,2461,result-data-downWord-1206080
result_data_downWord,2463,result-data-downWord-3392338
result_data_downWord,2469,result-data-downWord-2637056
result_data_downWord,2477,result-data-downWord-2333331
result_data_downWord,2479,result-data-downWord-230996
result_data_downWord,2480,result-data-downWord-3960187
result_data_downWord,2485,result-data-downWord-2623413
result_data_downWord,2494,result-data-downWord-725035
result_data_downWord,2498,result-data-downWord-2487758
result_data_downWord,2508,result-data-downWord-264145
result_data_downWord,2523,result-data-downWord-971735
result_data_downWord,2525,result-data-downWord-2119153
result_data_downWord,2526,result-data-downWord-877423
result_data_downWord,2534,result-data-downWord-2377552
result_data_downWord,2535,result-data-downWord-2298362
result_data_downWord,2536,result-data-downWord-834928
result_data_downWord,2538,result-data-downWord-2333331
result_data_downWord,2540,result-data-downWord-2746869
result_data_downWord,2542,result-data-downWord-1206080
result_data_downWord,2550,result-data-downWord-1259265
result_data_downWord,2569,result-data-downWord-653443
result_data_downWord,2570,result-data-downWord-2416631
result_data_downWord,2574,result-data-downWord-2075639
result_data_downWord,2575,result-data-downWord-2487758
result_data_downWord,2589,result-data-downWord-511037
result_data_downWord,2590,result-data-downWord-1113936
result_data_downWord,2592,result-data-downWord-261223
result_data_downWord,2593,result-data-downWord-1538388
result_data_downWord,2598,result-data-downWord-226061
result_data_downWord,2616,result-data-downWord-2298362
result_data_downWord,2618,result-data-downWord-3627437
result_data_downWord,2620,result-data-downWord-2119153
result_data_downWord,2622,result-data-downWord-3338224
result_data_downWord,2640,result-data-downWord-725035
result_data_downWord,2643,result-data-downWord-2071296
result_data_downWord,2648,result-data-downWord-877423
result_data_downWord,2653,result-data-downWord-226061
result_data_downWord,2654,result-data-downWord-1351071
result_data_downWord,2655,result-data-downWord-2377552
result_data_downWord,2667,result-data-downWord-3110275
result_data_downWord,2668,result-data-downWord-2075639
result_data_downWord,2680,result-data-downWord-3556707
result_data_downWord,2687,result-data-downWord-3960187
result_data_downWord,2692,result-data-downWord-834928
result_data_downWord,2701,result-data-downWord-3324843
result_data_downWord,2724,result-data-downWord-173748
result_data_downWord,2730,result-data-downWord-834928
result_data_downWord,2738,result-data-downWord-3110275
result_data_downWord,2742,result-data-downWord-226061
result_data_downWord,2747,result-data-downWord-3024418
result_data_downWord,2750,result-data-downWord-3789120
result_data_downWord,2752,result-data-downWord-914558
result_data_downWord,2756,result-data-downWord-2298362
result_data_downWord,2761,result-data-downWord-914558
result_data_downWord,2762,result-data-downWord-3627437
result_data_downWord,2763,result-data-downWord-273218
result_data_downWord,2766,result-data-downWord-3777606
result_data_downWord,2768,result-data-downWord-725035
result_data_downWord,2793,result-data-downWord-3024418
result_data_downWord,2804,result-data-downWord-672752
result_data_downWord,2806,result-data-downWord-3392338
result_data_downWord,2810,result-data-downWord-261223
result_data_downWord,2811,result-data-downWord-3777606
result_data_downWord,2814,result-data-downWord-2177658
result_data_downWord,2817,result-data-downWord-961547
result_data_downWord,2820,result-data-downWord-2177658
result_data_downWord,2822,result-data-downWord-877423
result_data_downWord,2823,result-data-downWord-725035
result_data_downWord,2830,result-data-downWord-2492155
result_data_downWord,2833,result-data-downWord-3627437
result_data_downWord,2844,result-data-downWord-2146369
result_data_downWord,2856,result-data-downWord-2487758
result_data_downWord,2888,result-data-downWord-725035
result_data_downWord,2890,result-data-downWord-511037
result_data_downWord,2906,result-data-downWord-3324843
result_data_downWord,2908,result-data-downWord-146131
result_data_downWord,2910,result-data-downWord-226061
result_data_downWord,2911,result-data-downWord-961547
result_data_downWord,2912,result-data-downWord-2333331
result_data_downWord,2914,result-data-downWord-2162294
result_data_downWord,2915,result-data-downWord-3273691
result_data_downWord,2918,result-data-downWord-1168112
result_data_downWord,2920,result-data-downWord-3960187
result_data_downWord,2923,result-data-downWord-2377552
result_data_downWord,2937,result-data-downWord-767290
result_data_downWord,2944,result-data-downWord-2177658
result_data_downWord,2950,result-data-downWord-173748
result_data_downWord,2951,result-data-downWord-2403045
result_data_downWord,2952,result-data-downWord-146131
result_data_downWord,2965,result-data-downWord-1845057
result_data_downWord,2968,result-data-downWord-3324843
result_data_downWord,2969,result-data-downWord-256924
result_data_downWord,2970,result-data-downWord-877423
result_data_downWord,2981,result-data-downWord-2177658
result_data_downWord,2982,result-data-downWord-2377552
result_data_downWord,2985,result-data-downWord-725035
result_data_downWord,2986,result-data-downWord-961547
result_data_downWord,2987,result-data-downWord-1113261
result_data_downWord,2988,result-data-downWord-2678297
result_data_downWord,3013,result-data-downWord-3392338
result_data_downWord,3015,result-data-downWord-2377552
result_data_downWord,3019,result-data-downWord-146131
result_data_downWord,3023,result-data-downWord-961547
result_data_downWord,3032,result-data-downWord-1845057
result_data_downWord,3037,result-data-downWord-511037
result_data_downWord,3046,result-data-downWord-3556707
result_data_downWord,3049,result-data-downWord-226061
result_data_downWord,3051,result-data-downWord-971735
result_data_downWord,3056,result-data-downWord-2416631
result_data_downWord,3059,result-data-downWord-1168112
result_data_downWord,3062,result-data-downWord-3627437
result_data_downWord,3080,result-data-downWord-2416631
result_data_downWord,3081,result-data-downWord-672752
result_data_downWord,3082,result-data-downWord-2162294
result_data_downWord,3089,result-data-downWord-226061
result_data_downWord,3091,result-data-downWord-2492155
result_data_downWord,3100,result-data-downWord-3392338
result_data_downWord,3103,result-data-downWord-1113936
result_data_downWord,3104,result-data-downWord-767290
result_data_downWord,3109,result-data-downWord-2487758
result_data_downWord,3116,result-data-downWord-2146369
result_data_downWord,3120,result-data-downWord-1259265
result_data_downWord,3122,result-data-downWord-273218
result_data_downWord,3124,result-data-downWord-552679
result_data_downWord,3163,result-data-downWord-1206080
result_data_downWord,3164,result-data-downWord-2403045
result_data_downWord,3173,result-data-downWord-961547
result_data_downWord,3176,result-data-downWord-672752
result_data_downWord,3181,result-data-downWord-2377552
result_data_downWord,3184,result-data-downWord-1113936
result_data_downWord,3186,result-data-downWord-1113261
result_data_downWord,3188,result-data-downWord-2986259
result_data_downWord,3193,result-data-downWord-2119153
result_data_downWord,3203,result-data-downWord-937444
result_data_downWord,3205,result-data-downWord-552679
result_data_downWord,3210,result-data-downWord-3273691
result_data_downWord,3236,result-data-downWord-2177658
result_data_downWord,3249,result-data-downWord-914558
result_data_downWord,3250,result-data-downWord-2071296
result_data_downWord,3253,result-data-downWord-3556707
result_data_downWord,3256,result-data-downWord-2146369
result_data_downWord,3261,result-data-downWord-2416631
result_data_downWord,3262,result-data-downWord-3024418
result_data_downWord,3276,result-data-downWord-3789120
result_data_downWord,3283,result-data-downWord-256924
result_data_downWord,3284,result-data-downWord-3749927
result_data_downWord,3286,result-data-downWord-2986259
result_data_downWord,3288,result-data-downWord-3960820
result_data_downWord,3294,result-data-downWord-767290
result_data_downWord,3312,result-data-downWord-2119153
result_data_downWord,3317,result-data-downWord-3392338
result_data_downWord,3321,result-data-downWord-3324843
result_data_downWord,3322,result-data-downWord-256924
result_data_downWord,3323,result-data-downWord-3749927
result_data_downWord,3325,result-data-downWord-2071296
result_data_downWord,3327,result-data-downWord-1259265
result_data_downWord,3332,result-data-downWord-2416631
result_data_downWord,3337,result-data-downWord-556533
result_data_downWord,3341,result-data-downWord-1206080
result_data_downWord,3344,result-data-downWord-261223
result_data_downWord,3369,result-data-downWord-1113936
result_data_downWord,3380,result-data-downWord-767290
result_data_downWord,3384,result-data-downWord-1259265
result_data_downWord,3385,result-data-downWord-2119153
result_data_downWord,3398,result-data-downWord-2487758
result_data_downWord,3399,result-data-downWord-3749927
result_data_downWord,3401,result-data-downWord-3960820
result_data_downWord,3409,result-data-downWord-3960187
result_data_downWord,3413,result-data-downWord-273218
result_data_downWord,3418,result-data-downWord-2333331
result_data_downWord,3420,result-data-downWord-2146369
result_data_downWord,3433,result-data-downWord-256924
result_data_downWord,3439,result-data-downWord-653443
result_data_downWord,3446,result-data-downWord-1538388
result_data_downWord,3452,result-data-downWord-3777606
result_data_downWord,3459,result-data-downWord-877423
result_data_downWord,3466,result-data-downWord-961547
result_data_downWord,3481,result-data-downWord-3024418
result_data_downWord,3483,result-data-downWord-1259265
result_data_downWord,3487,result-data-downWord-173748
result_data_downWord,3488,result-data-downWord-3556707
result_data_downWord,3497,result-data-downWord-2075639
result_data_downWord,3506,result-data-downWord-3960187
result_data_downWord,3507,result-data-downWord-2623413
result_data_downWord,3516,result-data-downWord-2487758
result_data_downWord,3523,result-data-downWord-2177658
result_data_downWord,3540,result-data-downWord-2986259
result_data_downWord,3543,result-data-downWord-2075639
result_data_downWord,3550,result-data-downWord-3338224
result_data_downWord,3552,result-data-downWord-2298362
result_data_downWord,3556,result-data-downWord-767290
result_data_downWord,3557,result-data-downWord-653443
result_data_downWord,3559,result-data-downWord-3777606
result_data_downWord,3560,result-data-downWord-264145
result_data_downWord,3563,result-data-downWord-230996
result_data_downWord,3569,result-data-downWord-3273691
result_data_downWord,3579,result-data-downWord-2162294
result_data_downWord,3610,result-data-downWord-2487758
result_data_downWord,3614,result-data-downWord-511037
result_data_downWord,3618,result-data-downWord-2492155
result_data_downWord,3620,result-data-downWord-2623413
result_data_downWord,3623,result-data-downWord-1351071
result_data_downWord,3633,result-data-downWord-767290
result_data_downWord,3634,result-data-downWord-1168112
result_data_downWord,3641,result-data-downWord-2298362
result_data_downWord,3643,result-data-downWord-256924
result_data_downWord,3649,result-data-downWord-3627437
result_data_downWord,3650,result-data-downWord-3960820
result_data_downWord,3652,result-data-downWord-971735
result_data_downWord,3661,result-data-downWord-2177658
result_data_downWord,3670,result-data-downWord-914558
result_data_downWord,3679,result-data-downWord-672752
result_data_downWord,3694,result-data-downWord-256924
result_data_downWord,3695,result-data-downWord-552679
result_data_downWord,3697,result-data-downWord-1259265
result_data_downWord,3706,result-data-downWord-2637056
result_data_downWord,3707,result-data-downWord-3324843
result_data_downWord,3721,result-data-downWord-3749927
result_data_free,3,result-data-free-226061
result_data_free,10,result-data-free-256924
result_data_free,16,result-data-free-2637056
result_data_free,19,result-data-free-937444
result_data_free,23,result-data-free-2492155
result_data_free,31,result-data-free-3960820
result_data_free,34,result-data-free-2377552
result_data_free,38,result-data-free-556533
result_data_free,56,result-data-free-261223
result_data_free,65,result-data-free-3392338
result_data_free,70,result-data-free-3777606
result_data_free,72,result-data-free-2119153
result_data_free,76,result-data-free-834928
result_data_free,80,result-data-free-173748
result_data_free,88,result-data-free-2377552
result_data_free,94,result-data-free-672752
result_data_free,98,result-data-free-2492155
result_data_free,102,result-data-free-552679
result_data_free,113,result-data-free-3110275
result_data_free,118,result-data-free-2637056
result_data_free,126,result-data-free-1113936
result_data_free,128,result-data-free-3960820
result_data_free,135,result-data-free-2333331
result_data_free,140,result-data-free-2986259
result_data_free,149,result-data-free-3024418
result_data_free,152,result-data-free-3556707
result_data_free,158,result-data-free-1845057
result_data_free,160,result-data-free-937444
result_data_free,166,result-data-free-2416631
result_data_free,170,result-data-free-2177658
result_data_free,182,result-data-free-2487758
result_data_free,185,result-data-free-3777606
result_data_free,188,result-data-free-2746869
result_data_free,190,result-data-free-261223
result_data_free,203,result-data-free-2377552
result_data_free,219,result-data-free-3110275
result_data_free,227,result-data-free-173748
result_data_free,230,result-data-free-877423
result_data_free,233,result-data-free-3960820
result_data_free,242,result-data-free-1206080
result_data_free,254,result-data-free-2377552
result_data_free,257,result-data-free-2075639
result_data_free,266,result-data-free-3273691
result_data_free,267,result-data-free-3324843
result_data_free,268,result-data-free-1168112
result_data_free,275,result-data-free-3960187
result_data_free,283,result-data-free-3110275
result_data_free,292,result-data-free-2637056
result_data_free,295,result-data-free-2637056
result_data_free,297,result-data-free-256924
result_data_free,326,result-data-free-2177658
result_data_free,329,result-data-free-3324843
result_data_free,332,result-data-free-3960820
result_data_free,337,result-data-free-1845057
result_data_free,338,result-data-free-2146369
result_data_free,339,result-data-free-3273691
result_data_free,343,result-data-free-2623413
result_data_free,346,result-data-free-1113261
result_data_free,364,result-data-free-1259265
result_data_free,365,result-data-free-672752
result_data_free,370,result-data-free-1113936
result_data_free,372,result-data-free-256924
result_data_free,378,result-data-free-961547
result_data_free,381,result-data-free-2416631
result_data_free,382,result-data-free-230996
result_data_free,383,result-data-free-511037
result_data_free,398,result-data-free-1113261
result_data_free,401,result-data-free-2071296
result_data_free,404,result-data-free-971735
result_data_free,405,result-data-free-1538388
result_data_free,407,result-data-free-3777606
result_data_free,412,result-data-free-725035
result_data_free,416,result-data-free-1538388
result_data_free,419,result-data-free-1351071
result_data_free,420,result-data-free-2492155
result_data_free,423,result-data-free-2487758
result_data_free,427,result-data-free-2377552
result_data_free,434,result-data-free-2177658
result_data_free,443,result-data-free-3110275
result_data_free,444,result-data-free-2623413
result_data_free,450,result-data-free-877423
result_data_free,454,result-data-free-1168112
result_data_free,457,result-data-free-1113936
result_data_free,477,result-data-free-2146369
result_data_free,484,result-data-free-653443
result_data_free,491,result-data-free-3960820
result_data_free,492,result-data-free-230996
result_data_free,493,result-data-free-2623413
result_data_free,495,result-data-free-3273691
result_data_free,505,result-data-free-1113261
result_data_free,506,result-data-free-552679
result_data_free,511,result-data-free-3960187
result_data_free,517,result-data-free-3556707
result_data_free,518,result-data-free-2746869
result_data_free,519,result-data-free-2487758
result_data_free,533,result-data-free-937444
result_data_free,534,result-data-free-2416631
result_data_free,552,result-data-free-2177658
result_data_free,554,result-data-free-261223
result_data_free,557,result-data-free-3024418
result_data_free,561,result-data-free-2377552
result_data_free,562,result-data-free-3777606
result_data_free,563,result-data-free-1845057
result_data_free,569,result-data-free-3110275
result_data_free,581,result-data-free-2637056
result_data_free,589,result-data-free-3110275
result_data_free,597,result-data-free-2177658
result_data_free,600,result-data-free-2487758
result_data_free,604,result-data-free-2377552
result_data_free,609,result-data-free-2416631
result_data_free,616,result-data-free-3777606
result_data_free,617,result-data-free-261223
result_data_free,622,result-data-free-2746869
result_data_free,623,result-data-free-937444
result_data_free,628,result-data-free-3556707
result_data_free,637,result-data-free-3024418
result_data_free,649,result-data-free-1845057
result_data_free,661,result-data-free-1259265
result_data_free,662,result-data-free-3024418
result_data_free,664,result-data-free-3627437
result_data_free,666,result-data-free-1206080
result_data_free,670,result-data-free-2146369
result_data_free,676,result-data-free-1113261
result_data_free,682,result-data-free-511037
result_data_free,685,result-data-free-725035
result_data_free,686,result-data-free-767290
result_data_free,692,result-data-free-2333331
result_data_free,700,result-data-free-256924
result_data_free,726,result-data-free-3273691
result_data_free,739,result-data-free-3324843
result_data_free,745,result-data-free-1259265
result_data_free,748,result-data-free-2377552
result_data_free,761,result-data-free-725035
result_data_free,762,result-data-free-2492155
result_data_free,772,result-data-free-3960187
result_data_free,777,result-data-free-1206080
result_data_free,778,result-data-free-2333331
result_data_free,783,result-data-free-264145
result_data_free,788,result-data-free-937444
result_data_free,800,result-data-free-834928
result_data_free,803,result-data-free-1538388
result_data_free,806,result-data-free-226061
result_data_free,816,result-data-free-3392338
result_data_free,821,result-data-free-877423
result_data_free,833,result-data-free-261223
result_data_free,834,result-data-free-2986259
result_data_free,835,result-data-free-146131
result_data_free,850,result-data-free-2162294
result_data_free,862,result-data-free-256924
result_data_free,863,result-data-free-725035
result_data_free,870,result-data-free-914558
result_data_free,871,result-data-free-1113261
result_data_free,875,result-data-free-1259265
result_data_free,879,result-data-free-2746869
result_data_free,883,result-data-free-3556707
result_data_free,894,result-data-free-937444
result_data_free,896,result-data-free-261223
result_data_free,897,result-data-free-1351071
result_data_free,901,result-data-free-2075639
result_data_free,912,result-data-free-653443
result_data_free,917,result-data-free-230996
result_data_free,921,result-data-free-2487758
result_data_free,935,result-data-free-3960820
result_data_free,941,result-data-free-2377552
result_data_free,946,result-data-free-2177658
result_data_free,951,result-data-free-552679
result_data_free,955,result-data-free-2075639
result_data_free,959,result-data-free-226061
result_data_free,960,result-data-free-3324843
result_data_free,969,result-data-free-146131
result_data_free,975,result-data-free-2298362
result_data_free,976,result-data-free-2403045
result_data_free,978,result-data-free-1351071
result_data_free,988,result-data-free-725035
result_data_free,994,result-data-free-3024418
result_data_free,1017,result-data-free-2146369
result_data_free,1018,result-data-free-2623413
result_data_free,1036,result-data-free-2298362
result_data_free,1040,result-data-free-3324843
result_data_free,1047,result-data-free-3749927
result_data_free,1049,result-data-free-3392338
result_data_free,1053,result-data-free-1168112
result_data_free,1065,result-data-free-552679
result_data_free,1073,result-data-free-226061
result_data_free,1075,result-data-free-230996
result_data_free,1076,result-data-free-2986259
result_data_free,1084,result-data-free-3627437
result_data_free,1086,result-data-free-877423
result_data_free,1094,result-data-free-1206080
result_data_free,1100,result-data-free-1168112
result_data_free,1107,result-data-free-2071296
result_data_free,1117,result-data-free-877423
result_data_free,1124,result-data-free-672752
result_data_free,1129,result-data-free-3110275
result_data_free,1130,result-data-free-3749927
result_data_free,1132,result-data-free-226061
result_data_free,1136,result-data-free-834928
result_data_free,1139,result-data-free-511037
result_data_free,1153,result-data-free-261223
result_data_free,1154,result-data-free-2119153
result_data_free,1157,result-data-free-2075639
result_data_free,1172,result-data-free-173748
result_data_free,1179,result-data-free-552679
result_data_free,1181,result-data-free-672752
result_data_free,1192,result-data-free-2146369
result_data_free,1194,result-data-free-653443
result_data_free,1196,result-data-free-1206080
result_data_free,1197,result-data-free-3024418
result_data_free,1213,result-data-free-2492155
result_data_free,1215,result-data-free-2075639
result_data_free,1217,result-data-free-1351071
result_data_free,1227,result-data-free-2623413
result_data_free,1228,result-data-free-1259265
result_data_free,1230,result-data-free-264145
result_data_free,1237,result-data-free-2746869
result_data_free,1248,result-data-free-3960820
result_data_free,1252,result-data-free-173748
result_data_free,1254,result-data-free-3024418
result_data_free,1262,result-data-free-2678297
result_data_free,1270,result-data-free-3749927
result_data_free,1273,result-data-free-3392338
result_data_free,1278,result-data-free-3324843
result_data_free,1280,result-data-free-556533
result_data_free,1289,result-data-free-1259265
result_data_free,1309,result-data-free-834928
result_data_free,1322,result-data-free-511037
result_data_free,1326,result-data-free-2075639
result_data_free,1327,result-data-free-2119153
result_data_free,1338,result-data-free-2333331
result_data_free,1341,result-data-free-3273691
result_data_free,1350,result-data-free-767290
result_data_free,1355,result-data-free-556533
result_data_free,1357,result-data-free-3627437
result_data_free,1372,result-data-free-1845057
result_data_free,1375,result-data-free-834928
result_data_free,1382,result-data-free-2377552
result_data_free,1397,result-data-free-3789120
result_data_free,1401,result-data-free-226061
result_data_free,1407,result-data-free-2071296
result_data_free,1410,result-data-free-3324843
result_data_free,1420,result-data-free-877423
result_data_free,1421,result-data-free-971735
result_data_free,1427,result-data-free-261223
result_data_free,1438,result-data-free-2623413
result_data_free,1442,result-data-free-2637056
result_data_free,1452,result-data-free-273218
result_data_free,1455,result-data-free-173748
result_data_free,1463,result-data-free-653443
result_data_free,1469,result-data-free-173748
result_data_free,1472,result-data-free-2298362
result_data_free,1477,result-data-free-261223
result_data_free,1478,result-data-free-961547
result_data_free,1491,result-data-free-256924
result_data_free,1500,result-data-free-2377552
result_data_free,1501,result-data-free-834928
result_data_free,1521,result-data-free-2416631
result_data_free,1527,result-data-free-2177658
result_data_free,1528,result-data-free-2333331
result_data_free,1533,result-data-free-3960187
result_data_free,1535,result-data-free-3777606
result_data_free,1537,result-data-free-1113936
result_data_free,1545,result-data-free-3392338
result_data_free,1547,result-data-free-1538388
result_data_free,1552,result-data-free-146131
result_data_free,1560,result-data-free-173748
result_data_free,1561,result-data-free-1845057
result_data_free,1564,result-data-free-3749927
result_data_free,1571,result-data-free-1259265
result_data_free,1578,result-data-free-2986259
result_data_free,1583,result-data-free-2492155
result_data_free,1604,result-data-free-3960187
result_data_free,1614,result-data-free-2637056
result_data_free,1619,result-data-free-937444
result_data_free,1630,result-data-free-3556707
result_data_free,1634,result-data-free-2678297
result_data_free,1640,result-data-free-725035
result_data_free,1647,result-data-free-2986259
result_data_free,1650,result-data-free-173748
result_data_free,1658,result-data-free-226061
result_data_free,1665,result-data-free-1206080
result_data_free,1670,result-data-free-3789120
result_data_free,1671,result-data-free-2416631
result_data_free,1683,result-data-free-2487758
result_data_free,1684,result-data-free-1845057
result_data_free,1685,result-data-free-3110275
result_data_free,1686,result-data-free-3777606
result_data_free,1695,result-data-free-3338224
result_data_free,1697,result-data-free-971735
result_data_free,1700,result-data-free-2377552
result_data_free,1706,result-data-free-2492155
result_data_free,1708,result-data-free-1168112
result_data_free,1724,result-data-free-173748
result_data_free,1737,result-data-free-511037
result_data_free,1747,result-data-free-914558
result_data_free,1755,result-data-free-2746869
result_data_free,1759,result-data-free-3024418
result_data_free,1763,result-data-free-2119153
result_data_free,1765,result-data-free-3789120
result_data_free,1767,result-data-free-672752
result_data_free,1768,result-data-free-2071296
result_data_free,1778,result-data-free-3749927
result_data_free,1787,result-data-free-3627437
result_data_free,1797,result-data-free-511037
result_data_free,1807,result-data-free-2119153
result_data_free,1809,result-data-free-1168112
result_data_free,1810,result-data-free-3392338
result_data_free,1813,result-data-free-1259265
result_data_free,1821,result-data-free-256924
result_data_free,1822,result-data-free-552679
result_data_free,1835,result-data-free-2177658
result_data_free,1836,result-data-free-3024418
result_data_free,1845,result-data-free-877423
result_data_free,1847,result-data-free-556533
result_data_free,1859,result-data-free-937444
result_data_free,1867,result-data-free-173748
result_data_free,1880,result-data-free-725035
result_data_free,1882,result-data-free-3110275
result_data_free,1883,result-data-free-273218
result_data_free,1890,result-data-free-1259265
result_data_free,1896,result-data-free-3789120
result_data_free,1897,result-data-free-2071296
result_data_free,1900,result-data-free-3110275
result_data_free,1901,result-data-free-2298362
result_data_free,1908,result-data-free-3556707
result_data_free,1909,result-data-free-1845057
result_data_free,1910,result-data-free-2377552
result_data_free,1925,result-data-free-2623413
result_data_free,1936,result-data-free-3960187
result_data_free,1940,result-data-free-3960820
result_data_free,1954,result-data-free-2403045
result_data_free,1966,result-data-free-877423
result_data_free,1967,result-data-free-2075639
result_data_free,1969,result-data-free-552679
result_data_free,1974,result-data-free-834928
result_data_free,1994,result-data-free-2075639
result_data_free,1995,result-data-free-226061
result_data_free,2009,result-data-free-3324843
result_data_free,2013,result-data-free-2986259
result_data_free,2025,result-data-free-3392338
result_data_free,2026,result-data-free-230996
result_data_free,2031,result-data-free-2487758
result_data_free,2033,result-data-free-2416631
result_data_free,2036,result-data-free-725035
result_data_free,2037,result-data-free-877423
result_data_free,2044,result-data-free-2492155
result_data_free,2052,result-data-free-273218
result_data_free,2057,result-data-free-226061
result_data_free,2067,result-data-free-2377552
result_data_free,2068,result-data-free-3110275
result_data_free,2085,result-data-free-3338224
result_data_free,2086,result-data-free-2986259
result_data_free,2089,result-data-free-1845057
result_data_free,2092,result-data-free-146131
result_data_free,2103,result-data-free-2487758
result_data_free,2110,result-data-free-2746869
result_data_free,2116,result-data-free-3627437
result_data_free,2117,result-data-free-672752
result_data_free,2121,result-data-free-3627437
result_data_free,2122,result-data-free-2746869
result_data_free,2127,result-data-free-2487758
result_data_free,2144,result-data-free-2492155
result_data_free,2147,result-data-free-256924
result_data_free,2151,result-data-free-3749927
result_data_free,2158,result-data-free-264145
result_data_free,2159,result-data-free-264145
result_data_free,2166,result-data-free-725035
result_data_free,2177,result-data-free-653443
result_data_free,2194,result-data-free-3273691
result_data_free,2205,result-data-free-146131
result_data_free,2221,result-data-free-653443
result_data_free,2222,result-data-free-2377552
result_data_free,2229,result-data-free-2119153
result_data_free,2230,result-data-free-3627437
result_data_free,2236,result-data-free-1845057
result_data_free,2238,result-data-free-2298362
result_data_free,2242,result-data-free-2146369
result_data_free,2244,result-data-free-230996
result_data_free,2248,result-data-free-256924
result_data_free,2251,result-data-free-264145
result_data_free,2280,result-data-free-2623413
result_data_free,2287,result-data-free-2416631
result_data_free,2290,result-data-free-2403045
result_data_free,2293,result-data-free-3627437
result_data_free,2300,result-data-free-230996
result_data_free,2301,result-data-free-2119153
result_data_free,2305,result-data-free-3392338
result_data_free,2317,result-data-free-834928
result_data_free,2324,result-data-free-961547
result_data_free,2328,result-data-free-1845057
result_data_free,2333,result-data-free-2637056
result_data_free,2334,result-data-free-2075639
result_data_free,2346,result-data-free-556533
result_data_free,2349,result-data-free-230996
result_data_free,2350,result-data-free-3749927
result_data_free,2351,result-data-free-3324843
result_data_free,2363,result-data-free-2416631
result_data_free,2365,result-data-free-767290
result_data_free,2383,result-data-free-1351071
result_data_free,2384,result-data-free-2119153
result_data_free,2393,result-data-free-3024418
result_data_free,2399,result-data-free-1845057
result_data_free,2403,result-data-free-937444
result_data_free,2407,result-data-free-2403045
result_data_free,2409,result-data-free-173748
result_data_free,2427,result-data-free-264145
result_data_free,2430,result-data-free-3777606
result_data_free,2442,result-data-free-672752
result_data_free,2449,result-data-free-834928
result_data_free,2460,result-data-free-2403045
result_data_free,2462,result-data-free-3627437
result_data_free,2464,result-data-free-2298362
result_data_free,2467,result-data-free-961547
result_data_free,2468,result-data-free-2678297
result_data_free,2471,result-data-free-1259265
result_data_free,2474,result-data-free-273218
result_data_free,2482,result-data-free-2333331
result_data_free,2487,result-data-free-2746869
result_data_free,2499,result-data-free-511037
result_data_free,2504,result-data-free-552679
result_data_free,2506,result-data-free-2162294
result_data_free,2515,result-data-free-3789120
result_data_free,2522,result-data-free-2177658
result_data_free,2530,result-data-free-3627437
result_data_free,2531,result-data-free-230996
result_data_free,2533,result-data-free-2416631
result_data_free,2537,result-data-free-725035
result_data_free,2539,result-data-free-2075639
result_data_free,2558,result-data-free-3392338
result_data_free,2560,result-data-free-3749927
result_data_free,2562,result-data-free-173748
result_data_free,2566,result-data-free-3273691
result_data_free,2572,result-data-free-725035
result_data_free,2584,result-data-free-273218
result_data_free,2585,result-data-free-511037
result_data_free,2594,result-data-free-1168112
result_data_free,2606,result-data-free-2071296
result_data_free,2608,result-data-free-2637056
result_data_free,2624,result-data-free-1206080
result_data_free,2628,result-data-free-2746869
result_data_free,2629,result-data-free-146131
result_data_free,2639,result-data-free-1168112
result_data_free,2649,result-data-free-2119153
result_data_free,2656,result-data-free-2162294
result_data_free,2660,result-data-free-2492155
result_data_free,2661,result-data-free-230996
result_data_free,2664,result-data-free-767290
result_data_free,2677,result-data-free-914558
result_data_free,2678,result-data-free-1351071
result_data_free,2685,result-data-free-511037
result_data_free,2690,result-data-free-2403045
result_data_free,2693,result-data-free-937444
result_data_free,2702,result-data-free-971735
result_data_free,2710,result-data-free-2492155
result_data_free,2711,result-data-free-971735
result_data_free,2712,result-data-free-961547
result_data_free,2719,result-data-free-653443
result_data_free,2722,result-data-free-2177658
result_data_free,2725,result-data-free-3024418
result_data_free,2739,result-data-free-230996
result_data_free,2745,result-data-free-767290
result_data_free,2771,result-data-free-552679
result_data_free,2772,result-data-free-2119153
result_data_free,2775,result-data-free-3392338
result_data_free,2777,result-data-free-2333331
result_data_free,2779,result-data-free-834928
result_data_free,2782,result-data-free-1351071
result_data_free,2786,result-data-free-3556707
result_data_free,2794,result-data-free-1113261
result_data_free,2797,result-data-free-552679
result_data_free,2805,result-data-free-511037
result_data_free,2807,result-data-free-2623413
result_data_free,2831,result-data-free-971735
result_data_free,2836,result-data-free-2377552
result_data_free,2843,result-data-free-2119153
result_data_free,2846,result-data-free-1845057
result_data_free,2848,result-data-free-725035
result_data_free,2858,result-data-free-1351071
result_data_free,2859,result-data-free-2377552
result_data_free,2867,result-data-free-2678297
result_data_free,2871,result-data-free-653443
result_data_free,2872,result-data-free-2177658
result_data_free,2877,result-data-free-273218
result_data_free,2892,result-data-free-2146369
result_data_free,2895,result-data-free-2746869
result_data_free,2899,result-data-free-1206080
result_data_free,2903,result-data-free-937444
result_data_free,2919,result-data-free-264145
result_data_free,2922,result-data-free-2333331
result_data_free,2925,result-data-free-1538388
result_data_free,2935,result-data-free-2986259
result_data_free,2940,result-data-free-173748
result_data_free,2943,result-data-free-3024418
result_data_free,2946,result-data-free-2487758
result_data_free,2953,result-data-free-3338224
result_data_free,2955,result-data-free-834928
result_data_free,2960,result-data-free-2071296
result_data_free,2976,result-data-free-264145
result_data_free,2977,result-data-free-1168112
result_data_free,2980,result-data-free-3960187
result_data_free,2993,result-data-free-2333331
result_data_free,3000,result-data-free-256924
result_data_free,3001,result-data-free-2492155
result_data_free,3003,result-data-free-2678297
result_data_free,3022,result-data-free-273218
result_data_free,3028,result-data-free-261223
result_data_free,3035,result-data-free-914558
result_data_free,3040,result-data-free-2298362
result_data_free,3048,result-data-free-3960820
result_data_free,3050,result-data-free-961547
result_data_free,3061,result-data-free-264145
result_data_free,3065,result-data-free-2177658
result_data_free,3068,result-data-free-2333331
result_data_free,3076,result-data-free-146131
result_data_free,3087,result-data-free-2119153
result_data_free,3088,result-data-free-914558
result_data_free,3090,result-data-free-3024418
result_data_free,3110,result-data-free-2416631
result_data_free,3113,result-data-free-556533
result_data_free,3118,result-data-free-1113936
result_data_free,3121,result-data-free-834928
result_data_free,3126,result-data-free-2403045
result_data_free,3133,result-data-free-1845057
result_data_free,3140,result-data-free-1113261
result_data_free,3141,result-data-free-256924
result_data_free,3148,result-data-free-1538388
result_data_free,3150,result-data-free-273218
result_data_free,3151,result-data-free-834928
result_data_free,3153,result-data-free-1168112
result_data_free,3154,result-data-free-3273691
result_data_free,3155,result-data-free-1113936
result_data_free,3156,result-data-free-2075639
result_data_free,3167,result-data-free-3789120
result_data_free,3172,result-data-free-3960820
result_data_free,3189,result-data-free-3110275
result_data_free,3202,result-data-free-937444
result_data_free,3211,result-data-free-3960187
result_data_free,3221,result-data-free-3960820
result_data_free,3224,result-data-free-173748
result_data_free,3225,result-data-free-2492155
result_data_free,3228,result-data-free-1113936
result_data_free,3229,result-data-free-2071296
result_data_free,3235,result-data-free-2298362
result_data_free,3246,result-data-free-556533
result_data_free,3248,result-data-free-961547
result_data_free,3273,result-data-free-653443
result_data_free,3274,result-data-free-2177658
result_data_free,3278,result-data-free-2146369
result_data_free,3279,result-data-free-2623413
result_data_free,3280,result-data-free-3338224
result_data_free,3298,result-data-free-1538388
result_data_free,3303,result-data-free-3556707
result_data_free,3315,result-data-free-556533
result_data_free,3320,result-data-free-146131
result_data_free,3326,result-data-free-3338224
result_data_free,3333,result-data-free-1351071
result_data_free,3339,result-data-free-2623413
result_data_free,3340,result-data-free-3324843
result_data_free,3346,result-data-free-2177658
result_data_free,3348,result-data-free-3960187
result_data_free,3350,result-data-free-264145
result_data_free,3354,result-data-free-914558
result_data_free,3371,result-data-free-226061
result_data_free,3377,result-data-free-3556707
result_data_free,3386,result-data-free-1168112
result_data_free,3391,result-data-free-264145
result_data_free,3392,result-data-free-2403045
result_data_free,3393,result-data-free-2986259
result_data_free,3396,result-data-free-1845057
result_data_free,3403,result-data-free-173748
result_data_free,3407,result-data-free-767290
result_data_free,3414,result-data-free-556533
result_data_free,3415,result-data-free-3960820
result_data_free,3431,result-data-free-3273691
result_data_free,3437,result-data-free-3749927
result_data_free,3443,result-data-free-2487758
result_data_free,3448,result-data-free-2637056
result_data_free,3458,result-data-free-725035
result_data_free,3463,result-data-free-653443
result_data_free,3464,result-data-free-767290
result_data_free,3472,result-data-free-256924
result_data_free,3486,result-data-free-1168112
result_data_free,3491,result-data-free-937444
result_data_free,3495,result-data-free-273218
result_data_free,3501,result-data-free-3556707
result_data_free,3505,result-data-free-877423
result_data_free,3511,result-data-free-834928
result_data_free,3525,result-data-free-173748
result_data_free,3526,result-data-free-672752
result_data_free,3530,result-data-free-3777606
result_data_free,3533,result-data-free-1351071
result_data_free,3536,result-data-free-2162294
result_data_free,3542,result-data-free-2177658
result_data_free,3546,result-data-free-1845057
result_data_free,3566,result-data-free-1168112
result_data_free,3573,result-data-free-877423
result_data_free,3577,result-data-free-2071296
result_data_free,3580,result-data-free-2623413
result_data_free,3584,result-data-free-3110275
result_data_free,3587,result-data-free-1538388
result_data_free,3591,result-data-free-1113936
result_data_free,3593,result-data-free-511037
result_data_free,3598,result-data-free-1538388
result_data_free,3600,result-data-free-3024418
result_data_free,3609,result-data-free-552679
result_data_free,3613,result-data-free-2071296
result_data_free,3616,result-data-free-1113261
result_data_free,3630,result-data-free-556533
result_data_free,3636,result-data-free-725035
result_data_free,3645,result-data-free-273218
result_data_free,3655,result-data-free-2487758
result_data_free,3656,result-data-free-1206080
result_data_free,3664,result-data-free-3324843
result_data_free,3666,result-data-free-256924
result_data_free,3667,result-data-free-672752
result_data_free,3673,result-data-free-3024418
result_data_free,3675,result-data-free-2492155
result_data_free,3680,result-data-free-2162294
result_data_free,3681,result-data-free-261223
result_data_free,3691,result-data-free-2146369
result_data_free,3709,result-data-free-2333331
result_data_free,3726,result-data-free-961547
